position,mask,active,move#,counts0,counts1,counts2,counts3,counts4,counts5,counts6
0,0,1,0,10,180,640,30,90,40,10
0,0,1,0,30,30,10,900,10,10,10
0,0,1,0,10,10,290,440,220,20,10
0,0,1,0,10,240,10,310,70,350,10
0,0,1,0,20,30,300,100,510,30,10
0,0,1,0,20,330,10,540,70,20,10
0,0,1,0,30,130,50,70,680,10,30
0,0,1,0,10,10,40,860,60,10,10
0,0,1,0,20,10,30,750,130,50,10
0,0,1,0,10,80,10,710,160,20,10
0,0,1,0,50,150,90,320,280,100,10
0,0,1,0,30,170,30,580,20,160,10
0,0,1,0,20,610,10,300,20,10,30
0,0,1,0,10,240,50,590,60,30,20
0,0,1,0,10,40,60,810,50,20,10
0,0,1,0,10,10,20,740,100,110,10
0,0,1,0,10,190,140,550,80,20,10
0,0,1,0,10,20,80,790,60,30,10
0,0,1,0,10,30,270,500,150,30,10
0,0,1,0,20,10,50,630,220,50,20
0,0,1,0,20,440,10,490,20,10,10
0,0,1,0,10,370,30,140,240,140,70
0,0,1,0,10,390,470,100,10,10,10
0,0,1,0,20,40,50,840,10,10,30
0,0,1,0,30,20,10,790,110,20,20
0,0,1,0,10,10,180,770,10,10,10
0,0,1,0,10,10,220,20,630,80,30
0,0,1,0,10,40,20,840,20,40,30
0,0,1,0,10,80,150,100,600,40,20
0,0,1,0,10,10,20,900,30,20,10
0,0,1,0,10,20,10,910,10,20,20
0,0,1,0,20,150,20,700,90,10,10
0,0,1,0,30,190,10,590,10,160,10
0,0,1,0,10,10,40,900,20,10,10
0,0,1,0,20,110,40,720,60,40,10
0,0,1,0,10,80,20,800,40,10,40
0,0,1,0,10,80,30,840,10,20,10
0,0,1,0,10,10,10,460,340,160,10
0,0,1,0,10,10,10,810,100,40,20
0,0,1,0,20,80,140,710,10,30,10
0,0,1,0,40,420,80,170,40,230,20
0,0,1,0,50,140,10,670,70,40,20
0,0,1,0,40,20,70,780,30,40,20
0,0,1,0,20,100,50,580,20,200,30
0,0,1,0,20,10,80,10,800,40,40
0,0,1,0,20,10,10,920,20,10,10
0,0,1,0,20,40,60,850,10,10,10
0,0,1,0,20,10,110,780,50,10,20
0,0,1,0,10,10,20,520,420,10,10
0,0,1,0,10,10,50,870,40,10,10
0,0,1,0,20,30,20,830,20,70,10
0,0,1,0,20,10,10,920,10,20,10
0,0,1,0,10,10,20,690,180,50,40
0,0,1,0,10,10,20,800,110,40,10
0,0,1,0,10,160,180,610,20,10,10
0,0,1,0,10,30,60,30,720,10,140
0,0,1,0,10,10,20,600,190,50,120
0,0,1,0,40,20,150,450,310,20,10
0,0,1,0,20,10,570,30,70,280,20
0,0,1,0,10,60,20,800,60,20,30
0,0,1,0,20,10,90,790,10,40,40
0,0,1,0,10,340,10,10,530,20,80
0,0,1,0,10,10,330,560,10,70,10
0,0,1,0,50,10,110,580,230,10,10
0,0,1,0,10,20,40,860,20,10,40
0,0,1,0,10,10,10,240,660,50,20
0,0,1,0,60,310,10,250,270,90,10
0,0,1,0,10,50,20,870,30,10,10
0,0,1,0,10,80,50,810,20,10,20
0,0,1,0,10,20,220,650,10,80,10
0,0,1,0,10,40,210,690,20,20,10
0,0,1,0,10,60,10,770,50,60,40
0,0,1,0,10,430,10,330,160,50,10
0,0,1,0,10,10,50,840,60,20,10
0,0,1,0,10,40,130,670,10,130,10
0,0,1,0,30,230,120,570,10,30,10
0,0,1,0,10,20,60,850,20,10,30
0,0,1,0,80,20,10,840,10,30,10
0,0,1,0,30,120,10,790,10,30,10
0,0,1,0,10,80,10,350,50,490,10
0,0,1,0,10,10,30,910,10,20,10
0,0,1,0,10,120,10,780,10,50,20
0,0,1,0,30,210,110,540,30,70,10
0,0,1,0,30,30,130,650,140,10,10
0,0,1,0,30,10,10,750,140,30,30
0,0,1,0,10,10,90,730,140,10,10
0,0,1,0,10,10,10,890,30,40,10
0,0,1,0,10,90,170,670,20,10,30
0,0,1,0,10,50,70,800,50,10,10
0,0,1,0,10,130,10,750,10,60,30
0,0,1,0,10,60,20,810,10,40,50
0,0,1,0,10,10,110,340,490,10,30
0,0,1,0,10,20,90,840,10,10,20
0,0,1,0,40,120,10,10,760,20,40
0,0,1,0,10,30,10,670,20,140,120
0,0,1,0,10,30,20,870,10,40,20
0,0,1,0,10,20,90,680,40,150,10
0,0,1,0,20,80,240,70,460,110,20
0,0,1,0,10,20,180,10,710,20,50
0,0,1,0,30,10,60,420,460,10,10
0,268435456,1,1,60,790,30,10,20,80,10
0,2097152,1,1,20,40,180,390,320,20,30
0,16384,1,1,70,70,520,250,60,20,10
0,4398046511104,1,1,10,20,10,910,30,10,10
0,1,1,1,10,20,20,810,70,20,50
0,16384,1,1,50,10,550,270,90,20,10
0,4398046511104,1,1,10,20,50,560,270,10,80
0,16384,1,1,40,30,20,790,20,90,10
0,128,1,1,20,920,10,10,20,10,10
0,128,1,1,10,880,40,10,10,10,40
0,16384,1,1,10,60,770,90,10,50,10
0,128,1,1,40,40,190,690,10,10,20
0,268435456,1,1,20,10,350,150,360,50,60
0,2097152,1,1,20,10,10,860,60,20,20
0,1,1,1,10,10,20,920,10,10,20
0,2097152,1,1,10,250,180,20,360,140,40
0,1,1,1,20,10,10,930,10,10,10
0,16384,1,1,20,80,530,210,110,40,10
0,268435456,1,1,10,40,10,380,520,20,20
0,4398046511104,1,1,20,340,10,460,10,150,10
0,128,1,1,40,520,10,350,20,10,50
0,4398046511104,1,1,30,70,10,370,460,50,10
0,268435456,1,1,30,10,60,360,500,30,10
0,268435456,1,1,60,30,170,150,560,20,10
0,2097152,1,1,10,250,70,360,260,40,10
0,4398046511104,1,1,20,140,10,720,70,10,30
0,16384,1,1,10,20,20,900,10,20,20
0,34359738368,1,1,10,10,30,680,20,170,80
0,268435456,1,1,10,60,90,800,10,10,20
0,268435456,1,1,10,10,40,790,20,20,110
0,4398046511104,1,1,20,80,10,540,70,270,10
0,268435456,1,1,10,20,10,50,890,10,10
0,4398046511104,1,1,10,20,120,40,720,50,40
0,1,1,1,10,10,10,760,190,10,10
0,2097152,1,1,10,620,20,290,10,10,40
0,34359738368,1,1,30,330,150,10,30,420,30
0,1,1,1,10,100,10,830,10,20,20
0,128,1,1,30,50,20,770,10,110,10
0,268435456,1,1,50,10,500,300,80,10,50
0,1,1,1,10,10,100,840,20,10,10
0,2097152,1,1,10,30,30,850,50,10,20
0,268435456,1,1,20,50,330,170,370,40,20
0,16384,1,1,10,10,800,80,40,50,10
0,16384,1,1,20,20,20,910,10,10,10
0,4398046511104,1,1,40,40,90,60,670,70,30
0,1,1,1,10,20,10,890,20,40,10
0,16384,1,1,20,230,430,280,20,10,10
0,4398046511104,1,1,10,20,20,810,110,20,10
0,34359738368,1,1,10,140,10,750,20,30,40
0,268435456,1,1,10,130,170,430,200,30,30
0,4398046511104,1,1,10,190,40,720,10,20,10
0,128,1,1,30,70,10,820,10,10,50
0,128,1,1,60,80,610,200,30,10,10
0,268435456,1,1,20,410,10,500,10,10,40
0,1,1,1,10,10,10,910,40,10,10
0,16384,1,1,10,10,10,830,20,100,20
0,1,1,1,10,10,90,770,80,30,10
0,16384,1,1,50,10,10,810,20,90,10
0,2097152,1,1,10,260,560,120,10,30,10
0,16384,1,1,10,30,10,870,40,10,30
0,16384,1,1,10,10,10,770,10,180,10
0,4398046511104,1,1,10,20,10,770,80,80,30
0,4398046511104,1,1,60,130,10,730,20,10,40
0,268435456,1,1,10,70,30,830,10,40,10
0,1,1,1,20,10,10,900,10,40,10
0,2097152,1,1,10,10,150,700,60,30,40
0,2097152,1,1,20,10,160,150,570,80,10
0,1,1,1,10,10,20,930,10,10,10
0,34359738368,1,1,30,650,10,50,140,50,70
0,268435456,1,1,10,10,10,290,640,10,30
0,16384,1,1,40,40,30,850,10,20,10
0,1,1,1,20,30,20,850,60,10,10
0,268435456,1,1,10,70,30,840,10,10,30
0,2097152,1,1,60,460,30,40,390,10,10
0,16384,1,1,10,10,550,230,10,180,10
0,34359738368,1,1,10,30,70,700,130,50,10
0,268435456,1,1,10,30,50,580,310,10,10
0,1,1,1,10,10,20,920,10,10,20
0,1,1,1,20,10,380,410,130,40,10
0,1,1,1,20,10,60,780,10,90,30
0,16384,1,1,80,20,740,120,10,10,20
0,34359738368,1,1,10,20,20,870,40,10,30
0,2097152,1,1,10,500,10,260,60,150,10
0,4398046511104,1,1,30,10,30,220,690,10,10
0,1,1,1,10,10,30,880,40,20,10
0,16384,1,1,20,30,30,820,50,40,10
0,16384,1,1,10,30,500,420,20,10,10
0,34359738368,1,1,10,40,430,400,20,20,80
0,4398046511104,1,1,20,160,10,750,20,30,10
0,268435456,1,1,10,20,10,210,720,20,10
0,1,1,1,10,10,10,910,40,10,10
0,16384,1,1,10,20,60,720,30,150,10
0,1,1,1,20,10,10,930,10,10,10
0,4398046511104,1,1,10,420,30,300,160,70,10
0,4398046511104,1,1,30,170,10,30,550,130,80
0,16384,1,1,10,50,480,380,10,60,10
0,16384,1,1,10,10,210,720,10,30,10
0,4398046511104,1,1,10,140,10,630,70,120,20
0,2097152,1,1,10,10,100,510,260,10,100
0,2097152,1,1,40,110,10,720,80,30,10
268435456,805306368,1,2,40,20,380,400,110,20,30
2097152,2097153,1,2,10,30,10,10,130,750,60
16384,16385,1,2,30,10,810,10,80,30,30
4398046511104,4398046511232,1,2,10,360,80,430,30,40,50
1,34359738369,1,2,10,10,10,840,100,10,20
16384,268451840,1,2,40,40,750,10,140,10,10
4398046511104,4398314946560,1,2,10,80,690,130,20,10,60
16384,16512,1,2,10,20,920,10,10,20,10
128,4398046511232,1,2,10,20,10,890,50,10,10
128,34359738496,1,2,10,60,20,800,10,70,30
16384,34359754752,1,2,10,10,30,740,40,160,10
128,2097280,1,2,10,10,10,10,880,60,20
268435456,268435457,1,2,10,590,30,230,120,10,10
2097152,4398048608256,1,2,10,10,870,10,30,40,30
1,16385,1,2,10,40,30,880,10,20,10
2097152,270532608,1,2,90,590,10,140,150,10,10
1,2097153,1,2,10,20,20,20,750,100,80
16384,268451840,1,2,60,10,30,70,810,10,10
268435456,34628173824,1,2,10,10,10,10,930,20,10
4398046511104,4398046511105,1,2,20,10,10,930,10,10,10
128,16512,1,2,10,30,900,30,10,10,10
4398046511104,13194139533312,1,2,10,280,10,530,50,110,10
268435456,4398314946560,1,2,10,140,30,40,750,10,20
268435456,268435457,1,2,10,10,300,310,350,10,10
2097152,2097153,1,2,10,10,10,20,10,930,10
4398046511104,4432406249472,1,2,60,480,20,210,20,150,60
16384,268451840,1,2,10,30,610,200,110,20,20
34359738368,34359738496,1,2,10,50,10,870,10,30,20
268435456,268435584,1,2,40,390,10,530,10,10,10
268435456,268451840,1,2,20,10,640,10,50,30,240
4398046511104,4398046527488,1,2,10,20,10,920,10,20,10
268435456,34628173824,1,2,10,10,60,70,800,40,10
4398046511104,4398046527488,1,2,20,10,10,290,650,10,10
1,16385,1,2,10,10,530,410,10,20,10
2097152,2097153,1,2,10,10,10,30,160,280,500
34359738368,34628173824,1,2,10,10,20,10,20,920,10
1,3,1,2,20,10,80,810,30,10,40
128,34359738496,1,2,10,10,10,140,810,10,10
268435456,268435584,1,2,10,10,20,870,50,10,30
1,129,1,2,20,10,20,920,10,10,10
2097152,2113536,1,2,20,10,850,10,10,90,10
268435456,270532608,1,2,10,690,10,50,220,10,10
16384,49152,1,2,10,10,30,790,140,10,10
16384,268451840,1,2,20,10,850,30,70,10,10
4398046511104,13194139533312,1,2,10,110,20,800,40,10,10
1,3,1,2,70,20,30,780,10,10,80
16384,34359754752,1,2,10,30,60,860,10,10,20
4398046511104,4398046511105,1,2,10,10,10,920,10,30,10
34359738368,34359754752,1,2,10,30,10,860,60,10,20
268435456,268435584,1,2,10,290,30,640,10,10,10
4398046511104,4398046511232,1,2,20,10,20,810,10,20,110
128,2097280,1,2,10,20,20,210,620,80,40
128,129,1,2,10,10,10,20,930,10,10
268435456,34628173824,1,2,10,10,10,10,940,10,10
1,268435457,1,2,30,20,10,890,20,10,20
16384,2113536,1,2,10,10,780,90,20,20,70
1,129,1,2,10,20,10,910,30,10,10
16384,16385,1,2,20,10,400,20,530,10,10
2097152,2113536,1,2,10,10,940,10,10,10,10
16384,2113536,1,2,30,10,690,130,20,90,30
16384,49152,1,2,10,10,10,800,80,80,10
4398046511104,13194139533312,1,2,20,40,20,860,20,30,10
4398046511104,4398046527488,1,2,10,40,20,860,10,50,10
268435456,34628173824,1,2,10,80,10,20,820,30,30
1,2097153,1,2,40,10,10,10,900,10,20
2097152,6291456,1,2,10,10,930,10,10,20,10
2097152,2097280,1,2,10,310,20,80,510,60,10
1,2097153,1,2,20,10,10,90,800,40,30
34359738368,34628173824,1,2,10,10,10,10,110,840,10
268435456,270532608,1,2,10,80,10,160,710,10,20
16384,49152,1,2,10,10,10,820,130,10,10
1,129,1,2,10,10,10,900,30,30,10
268435456,805306368,1,2,30,130,200,530,50,50,10
2097152,270532608,1,2,10,480,20,40,420,20,10
16384,16512,1,2,10,10,930,20,10,10,10
34359738368,34361835520,1,2,10,40,40,530,10,350,20
268435456,268435584,1,2,10,10,10,940,10,10,10
1,16385,1,2,10,60,10,750,140,20,10
1,129,1,2,20,20,10,910,10,20,10
1,268435457,1,2,10,20,80,830,20,10,30
16384,268451840,1,2,10,20,850,70,10,10,30
34359738368,4432406249472,1,2,10,10,530,410,10,10,20
2097152,6291456,1,2,50,30,10,700,10,160,40
4398046511104,4398046511105,1,2,10,10,540,150,250,10,30
1,4398046511105,1,2,10,10,10,940,10,10,10
16384,34359754752,1,2,10,10,10,940,10,10,10
16384,4398046527488,1,2,10,10,20,930,10,10,10
34359738368,34361835520,1,2,10,10,10,480,10,470,10
4398046511104,4398046527488,1,2,10,10,40,90,830,10,10
268435456,268435457,1,2,10,20,20,10,920,10,10
1,2097153,1,2,10,10,10,20,880,10,60
16384,49152,1,2,10,10,90,840,30,10,10
1,2097153,1,2,40,90,30,130,690,10,10
4398046511104,4432406249472,1,2,170,40,10,550,20,10,200
4398046511104,4398048608256,1,2,10,10,260,620,20,20,60
16384,34359754752,1,2,10,10,10,940,10,10,10
16384,34359754752,1,2,10,10,10,930,20,10,10
4398046511104,4432406249472,1,2,20,90,180,330,10,160,210
2097152,2097153,1,2,10,30,20,50,30,840,20
2097152,34361835520,1,2,40,450,430,20,20,30,10
536870912,35165044736,1,3,10,10,10,920,20,10,20
1,270532609,1,3,10,30,890,20,20,10,20
1,4398046527489,1,3,10,10,10,820,10,40,100
128,4398048608384,1,3,10,20,10,30,750,170,10
34359738368,34361835521,1,3,10,10,320,610,30,10,10
268435456,270548992,1,3,80,860,10,10,10,10,20
268435456,4398314946688,1,3,20,710,10,230,10,10,10
128,4398046527616,1,3,10,50,880,10,10,20,20
4398046511104,4398046511488,1,3,20,20,10,830,70,10,40
34359738368,34359738497,1,3,10,10,20,930,10,10,10
34359738368,4432406265856,1,3,10,290,30,630,10,10,20
2097152,6291584,1,3,10,20,890,40,10,20,10
1,4398314946561,1,3,10,30,30,790,10,120,10
4398046511104,4398048624640,1,3,10,860,10,10,90,10,10
16384,34359754753,1,3,10,20,880,40,30,10,10
268435456,274726912,1,3,10,10,60,30,80,800,10
2097152,270532609,1,3,100,40,10,630,130,30,60
268435456,268451968,1,3,40,50,10,870,10,10,10
34359738368,35165044736,1,3,10,10,10,20,930,10,10
1,4398048608257,1,3,10,10,10,10,920,30,10
16384,4398046527616,1,3,10,10,930,10,20,10,10
8796093022208,13228499271680,1,3,10,80,10,830,10,30,30
4398046511104,13194407968768,1,3,10,20,10,310,630,10,10
1,268435459,1,3,40,20,10,870,10,40,10
1,270532609,1,3,20,10,880,10,20,10,50
34359738368,4432406249473,1,3,40,10,320,500,30,90,10
268435456,268484608,1,3,10,10,10,10,20,10,930
128,34359738752,1,3,10,10,10,770,10,170,20
128,34628173952,1,3,10,10,10,930,20,10,10
16384,268451841,1,3,10,10,920,10,30,10,10
16384,4398046527616,1,3,10,10,850,10,20,90,10
34359738368,34628190208,1,3,20,40,110,130,500,190,10
16384,4398314962944,1,3,10,10,20,830,110,10,10
16384,49153,1,3,10,10,10,560,350,50,10
1,2113537,1,3,10,20,10,10,930,10,10
268435456,34628173952,1,3,20,180,20,50,610,10,110
2,4398046511107,1,3,10,10,70,880,10,10,10
34359738368,103079215232,1,3,10,10,60,850,50,10,10
128,270532736,1,3,10,10,10,940,10,10,10
128,34359738497,1,3,10,10,60,360,510,40,10
16384,270548992,1,3,10,60,100,20,660,90,60
2097152,270532609,1,3,130,10,10,10,700,130,10
32768,4398046560256,1,3,10,790,10,140,30,10,10
268435456,4398314962944,1,3,70,10,200,20,680,10,10
8796093022208,30786325577728,1,3,10,20,30,850,20,20,50
2,2097155,1,3,20,30,600,140,130,30,50
34359738368,34359787520,1,3,10,20,50,370,10,10,530
1,4432406249473,1,3,10,30,10,920,10,10,10
16384,34359787520,1,3,20,10,10,910,30,10,10
128,34628173952,1,3,10,40,10,880,20,20,20
128,4398314946688,1,3,10,10,10,940,10,10,10
2097152,6291584,1,3,10,10,800,10,20,30,120
1,16513,1,3,20,10,10,870,60,20,10
34359738368,34628173825,1,3,10,10,10,10,140,810,10
268435456,268451841,1,3,10,30,20,410,10,10,510
2097152,2146304,1,3,20,10,100,10,10,670,180
128,131,1,3,10,50,10,30,870,10,20
1,16513,1,3,10,10,10,940,10,10,10
16384,2113537,1,3,10,10,930,20,10,10,10
2097152,34361851904,1,3,10,10,130,30,10,740,70
32768,4398046560256,1,3,30,840,10,20,40,40,20
8796093022208,13194139549696,1,3,50,20,10,760,120,10,30
16384,13194139549696,1,3,10,10,10,940,10,10,10
34359738368,34630270976,1,3,10,10,440,10,370,150,10
2097152,2097155,1,3,100,10,110,10,700,50,20
4194304,274726912,1,3,10,880,30,30,10,30,10
128,270532736,1,3,10,20,20,900,10,30,10
2097152,4398048608257,1,3,20,50,10,60,20,820,20
268435456,4432674684928,1,3,10,20,10,10,930,10,10
2097152,270548992,1,3,20,30,530,360,30,20,10
32768,4398046560256,1,3,130,780,10,10,50,10,10
128,385,1,3,10,10,10,10,940,10,10
536870912,805322752,1,3,10,40,10,890,10,30,10
268435456,34630270976,1,3,10,60,20,20,870,10,10
128,16768,1,3,10,10,820,20,100,30,10
2097152,4432408346624,1,3,10,10,360,20,10,570,20
128,270532736,1,3,10,10,50,870,10,40,10
16384,268451841,1,3,10,10,930,10,20,10,10
128,268435585,1,3,20,10,30,880,20,10,30
268435456,270532609,1,3,40,770,20,30,120,10,10
268435456,268451968,1,3,20,10,10,910,20,10,20
4398046511104,4432406249600,1,3,10,110,10,710,100,50,10
4194304,6291457,1,3,10,700,30,50,10,190,10
1,4398048608257,1,3,10,10,10,30,910,20,10
4398046511104,4398048608257,1,3,10,340,10,140,250,10,240
34359738368,4432406265856,1,3,20,70,720,140,10,20,20
4398046511104,4398048624640,1,3,10,930,10,10,20,10,10
2097152,34361835521,1,3,20,20,10,10,10,920,10
16384,4432406265856,1,3,10,10,10,920,30,10,10
1,268451841,1,3,10,20,10,930,10,10,10
2097152,2097155,1,3,50,10,120,10,760,20,30
32768,114688,1,3,20,90,10,270,550,50,10
2097152,4398048608257,1,3,40,20,230,10,160,20,520
34359738368,4501125726208,1,3,10,60,20,870,20,10,10
2097152,4398048608384,1,3,10,800,10,10,20,140,10
34359738368,34628190208,1,3,10,10,10,10,880,50,30
34359738368,34361851904,1,3,10,930,10,10,10,10,20
34359738368,4432406249600,1,3,10,40,310,520,80,30,10
1,34361835521,1,3,30,20,10,60,860,10,10
34359738368,4432408346624,1,3,10,20,20,140,20,780,10
34628173824,35165061120,1,4,10,10,670,10,260,10,30
270532608,4398317043713,1,4,10,20,910,10,30,10,10
4398046527488,4432406265857,1,4,10,10,800,50,20,80,30
4398048608256,4398048624768,1,4,20,70,40,830,10,20,10
2097153,34361851905,1,4,100,40,460,80,40,30,250
2113536,270548993,1,4,20,10,10,930,10,10,10
4398046511232,13194407968896,1,4,20,10,10,890,50,10,10
4398046527488,4398314963072,1,4,10,20,930,10,10,10,10
384,4398314946944,1,4,10,10,10,940,10,10,10
129,34359754881,1,4,10,790,10,30,120,30,10
4398046527488,4432406265857,1,4,10,10,730,20,10,10,210
4194432,14680192,1,4,10,80,10,20,800,70,10
4398314946560,4432674684929,1,4,10,70,10,10,870,20,10
2113536,4398317060096,1,4,40,60,750,10,70,60,10
34359738369,34359787521,1,4,10,30,290,400,30,230,10
6291456,4398321238016,1,4,10,440,40,70,420,10,10
268435457,270532611,1,4,10,20,20,280,640,20,10
16512,4398314963072,1,4,10,10,10,940,10,10,10
805306368,35165044864,1,4,20,110,10,10,770,10,70
4398048608256,4398048624641,1,4,10,10,20,10,10,910,30
4398046511232,13194139549824,1,4,10,10,920,20,20,10,10
4432406249472,13228499288064,1,4,20,10,20,870,20,40,20
8796361457664,13194410065920,1,4,50,160,10,120,640,10,10
268435458,268451843,1,4,10,10,910,40,10,10,10
270532608,4398317043713,1,4,10,10,920,10,10,30,10
4398046511105,4432408346625,1,4,10,370,30,20,520,10,40
49152,268484736,1,4,10,50,880,10,20,10,20
34359738624,103079215488,1,4,10,20,20,670,260,10,10
34628173824,34628173953,1,4,10,10,60,890,10,10,10
268435457,268451843,1,4,40,10,170,40,690,10,40
4398046511232,4398046527617,1,4,10,10,20,350,10,590,10
268451840,34630287360,1,4,10,10,10,10,930,20,10
4398314946560,4432674701312,1,4,10,20,10,10,900,30,20
32769,4398046560257,1,4,10,10,10,360,480,110,20
2113536,4398048624641,1,4,10,10,10,10,940,10,10
34359738496,34628174208,1,4,10,10,860,20,30,40,30
4398046511105,4432406249475,1,4,30,10,340,530,40,10,40
68719476864,103081312384,1,4,10,10,20,400,520,10,30
270532608,270549120,1,4,40,10,20,860,30,30,10
34359738369,4432406249601,1,4,50,150,20,380,300,10,90
270532608,270548993,1,4,10,10,10,10,70,10,880
268435457,4398317043713,1,4,30,120,10,10,760,10,60
4398046527488,4398046560257,1,4,10,10,40,150,100,670,20
4398046527488,4398851833856,1,4,10,10,930,20,10,10,10
21990232555520,30786594013184,1,4,10,10,310,640,10,10,10
2097153,6291459,1,4,20,220,10,660,70,10,10
49152,34628222976,1,4,10,30,890,10,40,10,10
4432406249472,4432406265857,1,4,10,10,10,940,10,10,10
34359771136,34628222976,1,4,10,170,20,720,30,20,30
34628173824,34628174208,1,4,10,10,10,940,10,10,10
4398314946560,4398851817600,1,4,10,170,90,680,10,10,30
4194432,6291840,1,4,20,30,80,810,40,10,10
16512,268451969,1,4,10,10,900,30,10,10,30
268435457,34630270977,1,4,30,10,10,20,880,10,40
16385,268451969,1,4,10,10,940,10,10,10,10
49152,2211840,1,4,20,10,20,890,10,10,40
3,34359738499,1,4,10,30,10,920,10,10,10
16512,268451969,1,4,10,10,870,20,70,10,10
2097153,2146305,1,4,10,10,940,10,10,10,10
34359754752,4432408363008,1,4,10,20,30,260,20,650,10
4398046527488,4432406298624,1,4,20,20,10,750,10,20,170
4398046527488,13194407985152,1,4,10,10,770,40,150,10,10
13194139533312,13194407985152,1,4,10,20,10,920,10,20,10
270532608,103349747712,1,4,10,20,10,10,10,930,10
3,270532611,1,4,20,10,890,10,10,10,50
270532608,811597824,1,4,10,10,940,10,10,10,10
270532608,270549120,1,4,10,10,20,840,20,90,10
4398046511105,4432408346625,1,4,10,20,790,10,140,10,20
4432406249472,4432674685056,1,4,10,10,20,10,930,10,10
268451840,34630287360,1,4,10,20,10,10,930,10,10
4398046527488,4398046560384,1,4,10,10,170,10,640,150,10
257,34359738753,1,4,10,10,10,20,920,10,20
268451840,35165061120,1,4,10,40,10,850,30,30,30
34361835520,4432676782080,1,4,40,60,430,420,10,30,10
16640,16769,1,4,10,10,940,10,10,10,10
4432406249472,4432676782080,1,4,10,10,550,10,30,360,30
270532608,807403648,1,4,10,30,20,10,10,880,40
268435457,268451969,1,4,30,280,550,10,110,10,10
268435457,34628173953,1,4,80,740,10,10,50,80,30
2097153,807403521,1,4,20,10,20,10,920,10,10
16512,268484736,1,4,10,10,10,870,10,80,10
34359738496,4501125726336,1,4,10,10,10,890,50,10,20
2097153,6291585,1,4,630,10,20,300,20,10,10
4398048608256,4432408346625,1,4,10,20,30,10,10,900,20
2097153,13194141630465,1,4,10,400,50,130,10,20,380
4398046527488,4432408363008,1,4,50,10,30,800,10,10,90
2113536,4398048624641,1,4,10,10,10,10,940,10,10
34359738369,34361851905,1,4,10,210,40,10,700,20,10
4432406249472,4432406298624,1,4,10,10,10,20,930,10,10
268451840,4398314962945,1,4,10,10,20,930,10,10,10
3,34361835523,1,4,10,10,10,10,920,10,30
81920,114689,1,4,10,20,20,10,200,710,30
4398046511105,4432408346625,1,4,40,90,10,40,740,10,70
4466765987840,4638564679680,1,4,40,20,40,40,840,10,10
4398046511232,4398052802688,1,4,10,20,10,920,10,20,10
268451840,34630287360,1,4,10,10,10,20,930,10,10
2113536,4432408363008,1,4,40,900,10,10,10,10,20
4398046511232,4432674685056,1,4,10,10,510,420,20,20,10
34361835520,34361835649,1,4,680,20,10,10,70,50,160
4398048608256,13228501368832,1,4,10,10,540,10,10,410,10
536887296,103884537856,1,5,10,10,10,930,10,10,20
4398046511105,4398317043841,1,5,10,20,270,670,10,10,10
34359738369,4432408363009,1,5,10,20,10,10,250,690,10
16512,4398317060224,1,5,10,10,10,10,10,940,10
34359754752,34630287361,1,5,20,40,690,20,190,30,10
268435457,4398317060097,1,5,10,720,140,20,90,10,10
8796361457664,13194407969152,1,5,10,10,10,930,20,10,10
268435584,4398314963328,1,5,10,10,10,10,920,20,20
4398314946560,13194407969152,1,5,10,10,10,940,10,10,10
34359754752,34628190337,1,5,20,10,930,10,10,10,10
34359738369,4432406265859,1,5,10,390,450,50,10,70,20
10485760,14696576,1,5,70,10,820,10,10,70,10
34359738369,4432674701313,1,5,10,50,10,10,20,890,10
4398314946560,4398317060224,1,5,910,10,20,30,10,10,10
49152,34359787523,1,5,10,10,450,500,10,10,10
4398314946560,13194414260224,1,5,20,10,10,10,30,910,10
2097154,807403523,1,5,20,20,10,910,20,10,10
4398314946560,4398314963328,1,5,10,10,10,940,10,10,10
34359738496,35167142016,1,5,20,10,10,930,10,10,10
16385,13194141646849,1,5,160,20,610,150,10,30,20
8796093038592,13194139549825,1,5,10,10,940,10,10,10,10
8796093038592,13228501385216,1,5,10,20,30,10,660,20,250
4398048608256,13194410066048,1,5,10,40,10,900,20,10,10
16385,4398314962947,1,5,10,10,670,70,10,220,10
4398046511105,4398317043715,1,5,10,10,900,10,10,30,30
34361835520,4432408346627,1,5,20,10,910,10,20,20,10
268435584,4398314995840,1,5,10,10,820,10,10,130,10
68719476864,103079231872,1,5,20,10,40,840,60,20,10
129,35165044865,1,5,10,10,10,930,10,10,20
16386,4398314962947,1,5,20,10,20,170,30,740,10
16385,4432406265985,1,5,10,10,30,820,10,10,110
34361835520,34630287361,1,5,50,20,320,350,170,40,50
34359754752,4501394178048,1,5,10,10,30,130,790,20,10
4398046527488,4398314995713,1,5,10,80,40,20,830,10,10
4398046511105,4398048624769,1,5,10,10,10,10,940,10,10
268435712,35165045120,1,5,60,800,20,80,10,10,20
34359738370,4432406249479,1,5,50,10,210,10,530,120,70
34361835520,103085506688,1,5,20,10,870,20,40,10,30
16512,274743424,1,5,70,30,10,550,80,160,100
4398046511232,4432674685057,1,5,20,10,10,280,10,660,10
16385,270548995,1,5,10,10,820,20,10,30,100
4398048608256,4432676782081,1,5,10,10,10,140,20,750,60
32769,4398314995713,1,5,10,10,10,940,10,10,10
805306368,4399925575680,1,5,20,10,820,50,10,50,40
8796361457664,30786594029568,1,5,20,10,20,10,900,20,20
4194306,6291587,1,5,70,140,80,680,10,10,10
34628173824,35165093888,1,5,20,10,10,750,20,180,10
16385,4432406265985,1,5,20,20,590,270,60,20,20
268451840,34628222977,1,5,10,20,10,930,10,10,10
384,34628190592,1,5,10,10,10,940,10,10,10
536871040,4398853914752,1,5,10,10,10,10,10,940,10
2097408,274727296,1,5,30,10,20,490,10,420,20
268435457,4398314963073,1,5,10,40,890,10,20,10,20
34361835520,34630270979,1,5,10,40,40,400,370,130,10
268435584,805322881,1,5,10,10,840,50,20,10,60
2162688,2211841,1,5,10,10,10,10,50,20,890
34359738496,34359754883,1,5,30,10,10,10,900,20,20
268435457,4398314963073,1,5,10,60,820,20,10,70,10
49152,2146307,1,5,10,10,890,20,20,10,40
4398048608256,4432412557312,1,5,10,10,70,20,10,680,200
34359771136,4432408395776,1,5,10,940,10,10,10,10,10
8796361457664,30786594029568,1,5,10,10,890,10,50,20,10
268451840,13194944856064,1,5,10,10,10,940,10,10,10
103079215104,103886618624,1,5,10,10,30,130,530,280,10
270532608,274726915,1,5,10,10,940,10,10,10,10
541065216,811597825,1,5,10,50,10,50,390,340,150
16512,270549121,1,5,10,20,720,20,30,40,160
34361835520,4501127823361,1,5,20,10,160,10,760,10,30
268435584,4501394161792,1,5,10,10,30,20,830,90,10
34361835520,34630287361,1,5,60,20,10,10,280,610,10
32896,4398314995840,1,5,10,40,10,20,820,80,20
34359738496,34359738755,1,5,900,10,10,10,50,10,10
34896609280,35165061248,1,5,10,10,10,940,10,10,10
4398314946560,4432676782208,1,5,10,10,10,910,20,20,20
129,17281,1,5,10,50,30,420,420,60,10
270532608,4432680976384,1,5,10,30,910,10,20,10,10
536871040,807403649,1,5,10,10,10,140,10,810,10
16512,268452225,1,5,10,50,850,10,50,20,10
34359738496,34628174209,1,5,10,10,20,10,10,930,10
805306368,35167141889,1,5,10,20,10,10,930,10,10
268468224,268550272,1,5,20,900,20,10,10,10,30
4466765987840,4638564679808,1,5,70,400,10,230,10,10,270
4194432,4398052802689,1,5,40,70,10,10,830,10,30
34359738369,4432412540929,1,5,20,300,10,250,30,360,30
13194139533312,13228501368833,1,5,10,10,10,90,10,10,860
34361835520,4432676798464,1,5,10,10,10,90,320,540,20
4398046511105,4398048657409,1,5,10,10,10,10,940,10,10
2113536,34361851907,1,5,10,20,910,20,20,10,10
49152,4432408395776,1,5,10,10,940,10,10,10,10
4398046511105,4432674701313,1,5,10,10,10,940,10,10,10
34361835520,34361851907,1,5,10,10,10,10,20,20,920
32769,2211841,1,5,10,10,10,10,940,10,10
34361835520,13228501368833,1,5,10,10,10,10,10,10,940
171798691840,4913442586624,1,5,10,10,10,40,910,10,10
6291456,4432412541056,1,5,30,20,110,10,40,770,20
34361835520,34634481664,1,5,30,10,10,20,900,10,20
4432406249472,4501127839744,1,5,10,840,20,30,40,50,10
34628173824,4432676782208,1,5,10,30,10,910,20,10,10
129,34361835651,1,5,10,10,20,10,900,10,40
8830452760576,13228501368833,1,5,10,530,310,60,10,60,20
103347650560,104958279680,1,6,30,10,50,820,10,40,40
270532736,4398317043843,1,6,20,10,920,10,20,10,10
4398048624640,4432408395777,1,6,10,80,40,10,840,10,10
4398317043712,13194410082432,1,6,10,10,10,10,10,940,10
270532609,35167158273,1,6,20,20,10,900,20,10,20
4398048624640,4432676798465,1,6,30,40,10,620,240,50,10
4398046511488,13194944840064,1,6,10,20,10,910,30,10,10
4398046527744,4398314996096,1,6,10,10,30,10,910,20,10
8796093022592,30786594013568,1,6,10,10,10,940,10,10,10
268435585,34628190339,1,6,10,10,10,10,820,60,80
4398046527490,4432406265987,1,6,10,850,30,30,10,60,10
4210816,14696832,1,6,10,20,10,130,700,120,10
4398314962944,4432676798465,1,6,10,10,160,640,150,20,10
2113664,4398853931136,1,6,910,10,10,40,10,10,10
34359738371,4432406298627,1,6,10,80,860,10,10,10,20
8796099313664,13194414260225,1,6,110,700,70,10,90,10,10
805306369,807403527,1,6,30,10,10,30,890,10,20
16768,4432674701696,1,6,10,10,10,940,10,10,10
807403520,35167158400,1,6,10,10,810,120,10,30,10
13194141630464,13194145841153,1,6,10,10,20,20,20,870,50
4398046511233,13194139550081,1,6,10,30,10,10,920,10,10
4432408346624,13228501385217,1,6,10,10,20,40,800,50,70
8796361457792,13194410082432,1,6,30,10,50,10,870,20,10
4398314946562,13194407985155,1,6,30,10,10,910,20,10,10
270532610,4398853914627,1,6,10,10,610,10,10,340,10
4398046511107,4432676782083,1,6,10,10,920,30,10,10,10
4398046560256,13194408018048,1,6,10,10,870,10,70,20,10
34359755008,103079231873,1,6,10,10,890,20,40,20,10
35165044736,35165044867,1,6,10,10,10,940,10,10,10
4398314946561,4398314963075,1,6,90,260,50,370,190,30,10
4432406249600,4432406266241,1,6,10,10,20,30,890,20,20
268451841,34630320129,1,6,10,10,50,870,10,20,30
4467034423296,4501396275200,1,6,670,70,120,10,40,60,30
268468225,4398314995841,1,6,30,680,100,20,150,10,10
2113664,4432408363137,1,6,10,10,10,10,940,10,10
34896609408,103884521856,1,6,70,10,140,750,10,10,10
4398046511109,4432406265863,1,6,10,20,490,450,10,10,10
68723671168,103085523072,1,6,10,10,10,10,940,10,10
274726912,811614336,1,6,20,10,30,350,10,40,540
34628173825,4433211555969,1,6,50,10,480,430,10,10,10
270532610,274743299,1,6,10,10,10,20,10,10,930
34628173825,13228769804289,1,6,10,30,10,40,10,890,10
4398314962944,4398315061249,1,6,10,10,10,670,10,280,10
4399120269312,4434285314048,1,6,10,10,60,850,10,50,10
21990232571904,65970966118400,1,6,40,10,50,10,840,20,30
2097281,6307971,1,6,10,50,10,870,10,10,40
536920064,103884570624,1,6,10,60,10,10,10,890,10
4432406249600,4432408363137,1,6,10,90,20,10,240,580,50
34359771137,34628223105,1,6,10,10,10,940,10,10,10
34628190208,34628223360,1,6,10,10,20,900,10,40,10
4398317043712,4398853931136,1,6,10,10,10,20,10,930,10
272629888,4398321238400,1,6,10,10,10,110,830,20,10
4398046527616,4398314963329,1,6,20,10,920,20,10,10,10
268435459,34630271107,1,6,10,80,10,870,10,10,10
536887297,807420033,1,6,70,10,870,10,20,10,10
49153,34361950209,1,6,10,10,40,80,10,40,810
16387,34359754887,1,6,20,330,550,20,40,20,20
4398046527616,4398314963075,1,6,10,10,20,10,10,10,930
2097155,2146311,1,6,140,20,30,10,90,10,700
34363949056,13228505579520,1,6,10,10,920,10,10,10,30
4398048624640,4432408461312,1,6,10,930,10,20,10,10,10
21990232571904,30820953767936,1,6,10,10,20,840,40,10,70
13194676404224,13196018597888,1,6,10,10,10,10,840,90,30
807403520,104960360448,1,6,10,10,790,10,10,150,20
4194307,34634465283,1,6,10,20,20,80,20,20,830
270532609,811597827,1,6,10,20,930,10,10,10,10
270532609,270549377,1,6,20,10,10,20,10,10,920
4466765987841,4501127823489,1,6,10,30,10,90,830,10,20
4501125726208,13297487184000,1,6,10,10,10,50,890,20,10
268451841,34630320129,1,6,10,10,20,850,20,30,60
4398314962944,4398314995841,1,6,10,20,10,660,10,240,50
259,34359739267,1,6,20,10,10,880,60,10,10
268451968,35165094016,1,6,10,10,10,940,10,10,10
34361835648,4432676782209,1,6,20,10,30,890,10,10,30
17152,18305,1,6,10,10,10,10,940,10,10
4432410443776,4432680976512,1,6,10,20,20,330,10,590,20
270532609,4398853914753,1,6,10,10,20,20,10,860,70
268435713,268452737,1,6,700,10,10,250,10,10,10
268435713,103347650945,1,6,10,20,10,10,180,760,10
34361835521,35167158273,1,6,10,10,10,930,10,10,20
82048,268550273,1,6,720,20,10,20,180,20,30
171798691968,4638566776960,1,6,10,10,40,890,10,10,30
4398048608257,4398321238145,1,6,210,40,10,310,270,30,130
4398052802560,4432412557313,1,6,20,10,30,240,10,560,130
34361835521,13228501368961,1,6,10,120,10,820,10,10,20
4398314962944,13228769820672,1,6,10,10,10,10,930,20,10
2146304,4432408395777,1,6,10,60,860,20,10,30,10
34359738371,4432408363011,1,6,10,10,10,20,640,10,300
4432408346624,13228501417984,1,6,10,10,50,10,880,30,10
34628190208,4501394178049,1,6,10,10,10,940,10,10,10
16387,34361852035,1,6,70,10,70,10,70,10,760
2179072,34361950209,1,6,10,10,10,10,940,10,10
13194139533313,13228501368961,1,6,10,30,30,10,730,10,180
4741643894784,5463198400512,1,6,10,20,20,60,30,10,850
4432406249600,13228505563264,1,6,10,50,10,10,10,890,20
272646144,35171352576,1,6,30,30,10,870,10,10,40
68721590272,4501132034048,1,6,30,910,10,20,10,10,10
4398048608384,4432680976512,1,6,10,70,60,10,10,830,10
34361835522,4432408346755,1,6,20,10,100,10,820,10,30
4398048608257,30820687413249,1,6,20,10,920,10,10,10,20
1610629120,242397233152,1,7,10,40,10,40,10,880,10
4398046511107,4432676782211,1,7,20,10,910,10,30,10,10
34359771137,4432676831233,1,7,10,840,40,30,50,20,10
8796093038720,13194410082433,1,7,10,10,30,10,10,900,30
34896625664,35171352577,1,7,10,10,10,850,40,70,10
34628173825,4432676831233,1,7,10,10,50,10,890,20,10
8796898328576,13194946937216,1,7,10,10,10,20,930,10,10
268468352,4398315061632,1,7,10,30,70,10,860,10,10
21990500990976,30786594013569,1,7,10,10,10,940,10,10,10
34359754754,34630287491,1,7,10,10,20,90,780,60,30
34359738497,13228499288195,1,7,10,80,20,40,10,820,20
10486016,14696833,1,7,10,80,30,10,80,90,700
34361835521,4433213669377,1,7,10,10,790,100,30,50,10
4398851817472,4398853931392,1,7,10,10,10,30,920,10,10
4398046560256,4432406364163,1,7,800,10,10,150,10,10,10
4398314946561,13194414260227,1,7,40,410,10,340,180,10,10
2097158,811597831,1,7,10,910,10,20,20,20,10
4432674684928,13228767723904,1,7,10,10,10,940,10,10,10
34359754880,4433213669504,1,7,10,10,10,940,10,10,10
4210689,13228505579521,1,7,10,20,10,10,920,20,10
8796093038848,13194139550083,1,7,10,10,940,10,10,10,10
8796093038593,13228501385345,1,7,10,10,10,10,920,10,30
4398048624640,13194946953344,1,7,10,20,10,60,880,10,10
8796093038593,13194407985159,1,7,30,10,910,10,20,10,10
4398583382017,4398853914755,1,7,10,10,930,20,10,10,10
34630270976,13228769804291,1,7,10,10,920,10,20,20,10
8796361457792,13194410115200,1,7,10,10,20,20,920,10,10
68719476865,103347667329,1,7,10,10,10,940,10,10,10
131,35167142019,1,7,10,30,630,290,20,10,10
16514,4398317060227,1,7,10,10,10,20,10,930,10
16641,4501125742977,1,7,930,10,10,10,20,10,10
34361868288,103349796865,1,7,10,10,40,810,20,50,60
34361851904,13297489297408,1,7,780,40,10,20,130,10,10
4398046527616,4432674734209,1,7,30,10,20,60,10,850,20
4432406249473,13228501385345,1,7,10,10,20,10,930,10,10
68987912448,4501931032960,1,7,870,30,10,10,30,40,10
34359754754,4432674701319,1,7,10,10,180,10,740,10,40
34361851904,103353958528,1,7,10,40,910,10,10,10,10
536887424,4398858125440,1,7,10,10,10,20,10,930,10
4398583382144,13229304578177,1,7,20,90,10,820,40,10,10
4210689,274743427,1,7,30,50,230,10,440,200,40
13194141630464,30820955848705,1,7,10,10,10,720,120,100,30
98305,4398315061377,1,7,10,10,10,940,10,10,10
35165044736,4434285314049,1,7,10,10,10,940,10,10,10
43980733546496,65970966118401,1,7,10,10,40,890,30,10,10
4210690,14696579,1,7,10,30,900,10,10,10,30
103347650560,103884570752,1,7,10,20,10,30,10,900,20
2113537,4432408363139,1,7,10,670,20,140,10,10,140
268451968,34628223361,1,7,10,10,10,940,10,10,10
33152,34628223872,1,7,10,10,10,910,40,10,10
536887424,4399927672960,1,7,10,10,10,10,10,940,10
4398048608512,4398321254784,1,7,20,20,710,210,10,10,20
268435713,13194407985537,1,7,10,10,870,10,50,20,30
34361835648,35167142019,1,7,760,10,10,90,110,10,10
270532736,1881161857,1,7,10,10,10,10,10,20,930
34361901056,4432408461313,1,7,10,20,10,10,640,270,40
34359738500,34628190343,1,7,10,10,810,10,130,10,20
268435459,4398314963079,1,7,10,690,80,40,10,30,140
49156,270581767,1,7,10,10,20,10,10,800,140
13194141630464,13228505579521,1,7,10,10,10,10,210,600,150
34359836672,4501127938048,1,7,10,880,10,10,40,40,10
8830721196032,30889673244672,1,7,10,800,110,20,30,20,10
1342193664,13198166081536,1,7,10,10,10,940,10,10,10
104152956928,104960360576,1,7,10,20,200,720,10,10,30
34630270976,34634465287,1,7,10,10,20,20,30,10,900
541065218,819986435,1,7,20,30,10,80,10,470,380
16768,274743681,1,7,10,20,10,930,10,10,10
34361835648,4501396258945,1,7,30,10,10,70,30,840,10
8796361457792,30889673228416,1,7,10,10,10,10,360,590,10
34361868288,35167191041,1,7,10,10,90,810,20,50,10
32897,4398851866753,1,7,10,20,10,930,10,10,10
34359739008,103079216003,1,7,70,10,40,10,850,10,10
4398314946561,4501396258945,1,7,50,10,10,20,70,760,80
1153,18307,1,7,10,10,10,810,10,140,10
270532736,4432680976513,1,7,10,20,930,10,10,10,10
4398583382144,4399927656577,1,7,10,10,50,30,60,790,50
17024,268485505,1,7,770,10,10,30,50,120,10
103079215232,103347651457,1,7,290,10,20,10,570,30,70
805322752,103886635009,1,7,10,10,10,10,940,10,10
268468225,4398315061377,1,7,70,870,20,10,10,10,10
4466768084992,4638566776961,1,7,10,40,10,30,10,20,880
272629888,4432680976513,1,7,10,10,100,10,40,820,10
34359754753,4432420945921,1,7,10,10,10,940,10,10,10
13194139533440,30820687413377,1,7,110,10,10,50,790,20,10
8830454857728,13228769820673,1,7,10,20,60,30,230,640,10
4432406249473,4501127872513,1,7,10,10,20,10,930,10,10
4398048624640,4432408363015,1,7,220,10,10,10,720,10,20
8796093071360,13297220894720,1,7,10,10,10,100,10,850,10
34361835648,103081328771,1,7,20,10,20,20,20,10,900
34359771137,34366144513,1,7,20,630,10,50,270,10,10
34361835648,13228501369217,1,7,210,10,50,620,80,10,20
721554505728,5463466835968,1,7,10,20,840,10,100,10,10
8796099313664,13228773998720,1,7,10,50,10,540,370,10,10
34898706432,36245094400,1,7,20,260,40,620,10,10,40
4432410443776,4638570987520,1,7,10,930,10,10,20,10,10
34632368128,4432680976513,1,7,10,10,910,30,10,10,20
4398046511233,4501127823491,1,7,30,650,70,130,60,40,20
26422638804992,30820687413251,1,7,20,10,50,730,10,30,150
240786604032,517275140096,1,8,10,10,30,30,10,10,900
34630271104,4432676782215,1,8,20,10,920,10,20,10,10
4398317060096,4432676896769,1,8,10,940,10,10,10,10,10
4398317043713,30786596126849,1,8,10,10,10,20,80,840,30
274726913,35171352705,1,8,120,10,10,820,10,20,10
4398048657408,4432681025537,1,8,90,10,840,10,30,10,10
4398048608640,13194946953600,1,8,10,70,10,880,10,10,10
4398046593280,4398315061633,1,8,60,20,680,10,10,40,180
8796093022593,30820953751937,1,8,10,10,10,940,10,10,10
270532737,35167158403,1,8,290,440,30,10,20,20,190
13194139549698,13297218764931,1,8,410,10,10,10,10,30,520
4210817,14696835,1,8,10,910,10,30,10,10,20
4398851833856,4433213702145,1,8,10,10,50,210,700,10,10
2113920,4398853964160,1,8,930,10,10,20,10,10,10
34359803907,4432406364167,1,8,40,40,10,10,120,40,740
8796099313666,13194414276611,1,8,10,20,30,830,50,50,10
809500673,4398858108935,1,8,10,10,20,40,880,10,30
8796093038976,13228767756672,1,8,10,10,10,940,10,10,10
4398853914624,13229306691712,1,8,10,10,20,10,850,30,70
13228501368832,13228774014977,1,8,20,20,10,20,800,80,50
4398046511235,13228499288451,1,8,10,40,10,910,10,10,10
4432408346752,13228501385601,1,8,10,10,10,10,930,20,10
8796898328704,13229306691712,1,8,610,20,30,20,260,50,10
4398314946566,13194407985167,1,8,10,20,910,10,10,30,10
270532738,4398853915011,1,8,10,10,940,10,10,10,10
13194139533315,13228769804419,1,8,260,10,680,20,10,10,10
4398048657408,30786596159616,1,8,10,10,890,20,50,10,10
34628190464,103347667841,1,8,10,10,10,940,10,10,10
35167141888,35167142275,1,8,10,10,460,20,140,60,300
4398317043713,4398321254531,1,8,10,10,10,10,20,930,10
4501125726336,4501394178433,1,8,10,10,30,10,900,30,10
68987928577,103349796867,1,8,10,10,30,700,10,200,40
13263127445504,13297489297536,1,8,910,10,10,10,40,10,10
34628206593,4433211605121,1,8,90,10,760,10,50,20,60
8796095135872,13297220862081,1,8,10,10,10,20,930,10,10
4432943120512,4501931032961,1,8,10,530,410,10,20,10,10
4398314946565,4433211572231,1,8,20,10,30,60,20,830,30
68992106624,103362347136,1,8,20,10,20,40,130,750,30
4398321238016,4433217863808,1,8,40,10,10,910,10,10,10
8830721196033,13229304578433,1,8,10,20,20,400,490,40,20
270532738,34634481795,1,8,10,890,10,60,10,10,10
17626814218241,30820960043009,1,8,10,10,10,20,20,910,20
4398314963072,4398851932289,1,8,10,10,10,940,10,10,10
4399120269313,4434285346817,1,8,10,10,10,940,10,10,10
21990232571905,66005325856769,1,8,10,10,10,940,10,10,10
10485889,4398061207683,1,8,10,60,750,10,10,20,140
536920192,103884636288,1,8,10,10,10,810,10,140,10
4432406249602,4501127839875,1,8,10,10,40,180,40,50,670
34359771393,34628288897,1,8,10,10,10,940,10,10,10
34628190720,35165094784,1,8,10,10,10,940,10,10,10
4399390785536,4399927705728,1,8,10,10,10,10,10,940,10
272646272,13194414276992,1,8,10,10,20,20,890,10,40
13194139549824,13194408018305,1,8,20,10,10,40,850,10,60
805306371,4433213653123,1,8,60,10,10,820,80,10,10
1610629121,1881162113,1,8,30,30,310,600,10,10,10
4398046560257,13228501483521,1,8,880,10,20,30,10,40,10
268451843,4432674701447,1,8,10,130,820,10,10,10,10
4398046527620,4398314963087,1,8,10,10,930,10,20,10,10
270532611,274776071,1,8,40,10,20,10,10,10,900
34363949057,13228774014977,1,8,10,10,40,10,10,10,910
4466768101376,4501127938176,1,8,10,140,10,800,10,10,20
22058952048640,31027112198144,1,8,10,620,280,10,10,10,60
13196823887872,13198166081537,1,8,10,10,10,940,10,10,10
807403648,242399314048,1,8,10,10,920,10,10,30,10
278921217,4398866497539,1,8,10,210,450,250,30,30,20
274726913,274743683,1,8,10,10,30,40,10,100,800
4467034423297,13297489281153,1,8,10,920,10,20,20,10,10
22093311770624,30889675325568,1,8,10,10,10,810,130,20,10
805322753,35167256577,1,8,20,10,40,60,820,30,20
4398851833856,4398851932289,1,8,10,10,10,150,20,790,10
68719476995,103079216007,1,8,10,10,20,200,740,10,10
103081312384,4501933129857,1,8,10,10,30,20,10,910,10
17154,268453763,1,8,10,10,910,10,30,20,10
4432410443777,4433217847425,1,8,10,10,260,680,20,10,10
1344274433,4399931850881,1,8,10,10,20,80,10,20,850
268468481,34628223873,1,8,570,10,10,30,330,40,10
268436225,240786604929,1,8,10,30,10,10,920,10,10
103081312257,103890829313,1,8,20,10,10,20,920,10,10
4398046593152,4398315061379,1,8,10,840,10,10,50,10,70
171798691969,4913444683905,1,8,860,10,20,10,10,10,80
4432408346625,4432689365121,1,8,20,20,10,10,50,860,30
4398061191168,4501140422657,1,8,10,10,10,920,10,10,30
17626547879937,66005059502209,1,8,230,30,10,680,10,30,10
4398314962945,13229306691585,1,8,100,10,10,830,10,10,30
68721623040,4638566825985,1,8,80,70,20,590,210,10,20
34359738375,4432408363143,1,8,940,10,10,10,10,10,10
4501127823360,30889406939136,1,8,20,10,10,10,920,20,10
68719493123,4501127839875,1,8,50,10,10,10,890,10,20
6373376,34366144641,1,8,10,10,10,150,790,10,20
13194139533569,13297220845953,1,8,850,10,10,10,100,10,10
4741912330240,5463468933120,1,8,20,10,20,490,10,10,440
4432674685056,13228773998721,1,8,10,30,10,10,10,880,50
1346387968,36245094528,1,8,640,10,160,70,20,80,20
206160543744,4638571020288,1,8,670,70,20,150,60,10,20
4398048608385,4432680976515,1,8,10,10,940,10,10,10,10
103081312258,4638566776963,1,8,10,10,690,60,20,20,190
4398048608259,30889406889987,1,8,10,210,710,40,10,10,10
276488536064,4915321651200,1,9,10,10,10,940,10,10,10
4398046511111,4432676782223,1,9,10,870,50,10,20,10,30
34359836673,4501396373505,1,9,10,930,10,10,10,20,10
26388279083136,65970968215681,1,9,10,20,20,10,20,910,10
34896625792,103890829441,1,9,10,10,40,890,20,10,20
34632368129,4432681091073,1,9,10,10,920,30,10,10,10
8796898344960,13194946954112,1,9,30,20,10,10,870,50,10
268468353,4398315192705,1,9,110,770,10,50,10,40,10
22024860729344,30820953768321,1,9,10,10,10,940,10,10,10
34896625666,35167191171,1,9,10,40,10,20,80,820,20
103079215233,13297218797699,1,9,10,20,10,10,10,920,20
10486018,34374435203,1,9,10,940,10,10,10,10,10
34361868289,4433213702147,1,9,10,10,10,10,460,20,480
4398851850240,4398853964672,1,9,60,880,10,10,20,10,10
4398046560260,4432408461319,1,9,10,10,10,930,10,20,10
4398314962945,13228774014979,1,9,60,70,180,60,570,20,40
4398048608262,13194951131143,1,9,820,20,10,20,40,60,30
4432674717696,13297487233408,1,9,10,10,10,940,10,10,10
8830452777088,13229310886016,1,9,20,20,20,900,20,10,10
272646145,13228774015105,1,9,40,10,870,10,10,20,40
8830452777216,30820685332867,1,9,10,10,830,90,30,20,10
8796093038849,13228501418369,1,9,10,10,40,10,910,10,10
4432408363008,13230380433536,1,9,10,10,10,10,940,10,10
8796093038601,13194408017935,1,9,10,10,10,10,10,940,10
4398583382273,13194946937219,1,9,10,10,880,60,10,20,10
34630271104,13228769804423,1,9,10,10,940,10,10,10,10
26388547502208,30786596159617,1,9,10,110,20,10,830,10,10
68719477377,103347700609,1,9,10,10,10,940,10,10,10
387,35167142787,1,9,40,20,310,30,30,60,510
268452097,4501396275585,1,9,10,10,10,790,130,10,40
34361868290,103353991171,1,9,40,430,30,470,10,10,10
34361852032,13297489297537,1,9,10,10,40,900,20,10,10
4398583398528,4433211605123,1,9,10,360,110,60,390,60,10
4501125726209,30889406906497,1,9,10,10,10,10,930,20,10
68987912449,4501931049345,1,9,20,830,50,20,60,10,10
34896625666,4434285314055,1,9,20,20,750,30,150,20,10
34370240512,103899218048,1,9,10,10,20,10,930,10,10
34896625792,4433226252416,1,9,10,10,10,940,10,10,10
4398583382400,13230378320257,1,9,10,10,20,10,870,10,70
34363949057,34634481799,1,9,10,10,940,10,10,10,10
13194145824768,66005332131841,1,9,10,10,10,10,870,70,20
35165077504,4434285346819,1,9,10,120,10,170,10,670,10
44015093284864,66005862727681,1,9,10,10,80,870,10,10,10
4398050721794,4398061207939,1,9,10,930,10,10,10,10,20
103347716096,103884636544,1,9,10,10,10,140,10,810,10
68721590273,4638566793347,1,9,900,20,10,20,10,10,30
268517504,34630386049,1,9,10,10,40,910,10,10,10
536904064,35165094785,1,9,10,10,10,940,10,10,10
536920192,4402075189376,1,9,10,10,10,10,10,940,10
13194141630720,30786600321408,1,9,20,10,890,40,10,10,20
268468481,30786594062721,1,9,30,10,60,10,590,10,290
4432408346752,4433217847427,1,9,170,10,10,50,120,630,10
270532992,1881162115,1,9,630,40,270,20,20,10,10
8830454923264,13228769918977,1,9,10,10,10,920,20,20,10
4432406249604,4432676798599,1,9,20,180,190,10,20,520,60
268435467,4398314963343,1,9,10,240,10,710,10,10,10
4243460,274776199,1,9,10,10,10,10,110,720,130
13194410065920,13229310885889,1,9,10,10,10,10,10,10,940
34359836800,4638566891648,1,9,10,10,10,930,10,20,10
8968160149504,31027649069056,1,9,10,10,870,30,50,10,20
1342193665,13198168178689,1,9,10,10,900,30,10,10,30
241591910400,244546797696,1,9,10,10,10,10,10,940,10
4398587576322,4399940239363,1,9,10,10,10,10,20,30,910
16770,4398321254787,1,9,10,20,10,10,10,920,20
8830454857856,13297489297537,1,9,10,70,10,10,880,10,10
8796363554944,30889679519872,1,9,10,10,940,10,10,10,10
34361933824,4433213767681,1,9,50,10,30,10,310,580,10
98433,4398851932291,1,9,10,10,10,940,10,10,10
34359739012,103079217031,1,9,20,10,10,350,580,20,10
4398851817473,4501937324161,1,9,10,50,10,70,830,20,10
268436609,805324675,1,9,10,10,120,420,150,10,280
807403648,4433217863809,1,9,10,150,790,10,10,10,20
4398587576448,4399931851137,1,9,10,10,50,880,30,10,10
34359755392,35165094785,1,9,10,10,30,610,320,10,10
240518168704,241323475841,1,9,10,10,10,10,10,940,10
809517056,103890829315,1,9,50,10,10,50,860,10,10
268468227,13194408083587,1,9,40,880,10,20,30,10,10
4741645991936,4913713119361,1,9,10,280,10,90,10,10,590
281018496,4433226236033,1,9,10,80,20,700,140,10,40
103079231489,4501140455425,1,9,10,10,10,940,10,10,10
48378511622272,66005059502465,1,9,10,10,20,30,870,50,10
8830991728640,13230380433409,1,9,10,10,10,900,10,30,30
4569845202945,13434659848193,1,9,20,10,20,30,900,10,10
4398048624768,4432412557447,1,9,20,10,10,10,930,10,10
4432408346752,4638566793347,1,9,70,10,70,10,800,10,30
34359771265,34634580097,1,9,10,10,10,940,10,10,10
103081312384,13297220845955,1,9,10,10,930,10,20,10,10
721556602880,5463468933248,1,9,10,10,10,10,930,10,20
8796099313665,13228782387329,1,9,10,10,10,20,10,930,10
34898706560,36245094784,1,9,20,10,870,70,10,10,10
4432410476544,4638571020416,1,9,230,10,10,650,80,10,10
34632368130,4432680976519,1,9,10,50,860,20,20,10,30
4535485464705,4913444683907,1,9,30,10,10,10,920,10,10
26491358281728,30889406906371,1,9,10,10,10,10,10,930,20
4638833115136,5465077465088,1,10,10,10,40,690,210,10,30
34630271112,4432680976527,1,10,10,10,940,10,10,10,10
4467036536832,4501400567809,1,10,10,940,10,10,10,10,10
39582689132545,65970972409985,1,10,10,10,10,10,20,930,10
68994203649,4501937340545,1,10,30,30,60,850,10,10,10
4398048722944,4432681091201,1,10,10,10,940,10,10,10,10
4398048609152,13196020695936,1,10,10,940,10,10,10,10,10
4398046724352,4432674931073,1,10,10,60,210,10,10,680,20
8796093038977,30889673245057,1,10,10,10,10,940,10,10,10
270565505,36240932995,1,10,10,10,910,10,40,10,10
13194139582466,13434657751171,1,10,10,10,10,10,10,940,10
34363949185,34642870659,1,10,20,10,10,10,10,910,30
4398851833858,4501933178883,1,10,10,10,80,140,730,10,20
2114432,13194946986880,1,10,350,460,70,20,80,10,10
34361901059,4501127938055,1,10,30,150,10,10,10,780,10
8830459052034,13229310885891,1,10,10,30,630,260,20,30,20
8796902522881,13194951131271,1,10,890,10,20,10,10,40,20
8864812515712,13434926186880,1,10,10,10,10,940,10,10,10
4398858108928,13229310918784,1,10,10,10,940,10,10,10,10
13228501368960,13297493491841,1,10,30,10,300,90,420,50,100
21990232555651,66005057421699,1,10,10,30,10,910,10,20,10
4432408379520,13297220895105,1,10,20,10,10,20,920,10,10
8797972070528,13230380466304,1,10,10,10,10,10,940,10,10
4398314979334,30786594062351,1,10,10,80,10,350,10,530,10
8796363554946,13194951131523,1,10,10,10,940,10,10,10,10
13194139533319,30820955848839,1,10,940,10,10,10,10,10,10
4398048657409,30786596159873,1,10,10,870,10,10,60,30,10
34628223232,103347766145,1,10,20,10,20,880,40,20,10
35167142400,35167143811,1,10,10,10,340,90,200,30,320
4501127823488,4501400469889,1,10,10,10,10,10,300,650,10
68992122881,103353991299,1,10,30,10,20,10,900,20,10
13263127445505,13297493491841,1,10,240,580,10,100,20,20,30
34628206595,13229304627331,1,10,100,730,20,120,10,10,10
26388281180288,30889406906753,1,10,20,10,10,20,920,10,10
4432943136896,13298024071553,1,10,40,900,10,10,20,10,10
4399388688389,4434285314183,1,10,10,10,10,40,10,910,10
69528977536,103899218049,1,10,10,10,890,10,50,20,10
4398329626624,4501945729152,1,10,10,10,10,940,10,10,10
8831794937857,13232525803905,1,10,10,10,10,890,10,60,10
270532742,4432680992903,1,10,90,840,20,10,10,20,10
52811186307073,66005869002753,1,10,10,10,20,90,10,850,10
4399120269315,13230378369027,1,10,10,10,10,930,10,20,10
21990769442817,66074582204417,1,10,10,10,10,940,10,10,10
10486145,4432420946307,1,10,10,880,10,10,10,10,70
536920448,103884636545,1,10,10,10,10,770,10,180,10
4569845203074,4913444700291,1,10,30,40,660,100,150,10,10
34361868545,103349862785,1,10,10,10,10,940,10,10,10
34628190721,35165160321,1,10,10,20,10,930,10,10,10
4401538269184,4402075254912,1,10,10,10,10,10,10,940,10
17592458690688,65970972410240,1,10,10,10,140,20,770,40,10
30786325594240,30786594062723,1,10,10,10,10,10,10,10,940
809500675,4434291589251,1,10,10,110,10,10,10,830,20
1610629123,1885356419,1,10,930,10,20,10,10,10,10
4398314995713,13228769918979,1,10,10,10,20,350,590,10,10
270548995,4501396275335,1,10,10,40,10,50,860,20,10
4398046527876,4398317060495,1,10,10,10,20,930,10,10,10
270532739,274776207,1,10,40,10,890,10,10,30,10
34900819969,13229310918657,1,10,10,20,10,200,10,30,720
4604207054848,4638835327104,1,10,10,10,10,160,50,750,10
22059488919552,31027649101824,1,10,10,360,530,50,20,20,10
13196825985024,13232527917057,1,10,10,10,20,930,10,10,10
1352663041,4434299977731,1,10,10,120,10,20,10,820,10
4398321238017,4398329643395,1,10,10,10,10,10,60,890,10
4467034439681,13297493491841,1,10,10,930,20,10,10,10,10
22093315964928,31027118473344,1,10,10,10,60,20,880,10,10
4398851833857,4501933244417,1,10,20,10,10,90,810,50,10
4398851833858,4398851932547,1,10,10,10,10,100,120,740,10
68719478019,103081314183,1,10,10,10,10,870,80,10,10
103085506688,4501937340545,1,10,10,10,30,860,20,60,10
536888066,4398851835779,1,10,10,10,10,850,20,90,10
4432410460161,4433226252417,1,10,10,50,900,10,10,10,10
1344274689,4399931851649,1,10,40,160,20,440,320,10,10
805339393,35165094787,1,10,80,80,10,10,580,80,160
805307137,242397217665,1,10,10,10,10,10,10,940,10
103081312259,103890829443,1,10,10,10,770,160,10,10,30
13194139615360,13194408083843,1,10,10,10,10,10,10,10,940
172067127425,4914249990273,1,10,30,30,40,10,790,10,90
4432945217537,4433226236289,1,10,10,880,10,50,20,10,20
4398061223936,4638579408897,1,10,10,10,10,940,10,10,10
17626547880193,66005059518849,1,10,210,30,40,680,10,20,10
4399388704769,13230380433411,1,10,10,10,20,920,10,20,10
8864814645248,13434664042497,1,10,10,700,90,20,120,30,30
34363932679,4432412557455,1,10,10,10,10,10,940,10,10
206158446595,4638566826115,1,10,30,10,10,10,760,10,170
274808832,34634580099,1,10,30,10,10,910,20,10,10
13194139533571,13434659799427,1,10,120,10,10,830,10,10,10
4741912330368,5463468933249,1,10,10,10,10,640,220,100,10
4432683073664,13228782387331,1,10,10,940,10,10,10,10,10
1346388224,36253483392,1,10,20,10,750,10,10,190,10
206160543872,4638571020417,1,10,10,30,10,20,910,10,10
4398048608389,4501400453255,1,10,10,10,940,10,10,10,10
377959219202,13709537706115,1,10,10,10,20,10,920,10,20
4398048624643,66073778995203,1,10,10,930,10,10,10,20,10
826244349952,5465077465089,1,11,10,10,10,930,10,10,20
4398050705415,4432689365135,1,11,10,60,40,10,860,10,10
34364030977,4501937438721,1,11,110,750,10,10,100,10,10
26388283277440,136339716587649,1,11,10,10,10,10,120,830,10
4432943136896,4501945729153,1,11,10,10,10,930,10,10,20
34632368257,4433217962113,1,11,10,10,940,10,10,10,10
8797972086784,13196024890240,1,11,10,10,10,10,940,10,10
34628206721,13228767953281,1,11,20,80,600,10,220,60,10
22093580206080,30889673245569,1,11,10,10,10,940,10,10,10
35970367490,104960409731,1,11,10,10,10,910,10,20,30
240518168705,13434657751427,1,11,10,10,10,10,10,940,10
278921474,103362347395,1,11,10,10,10,10,10,940,10
103081345025,4639372132355,1,11,10,10,20,30,900,20,10
13194944872448,30787133031296,1,11,130,770,10,20,50,10,10
4466766036996,4501396373511,1,11,10,10,10,30,10,730,200
4398851833857,13229310885895,1,11,10,20,20,920,10,10,10
4398048608390,13194951131527,1,11,940,10,10,10,10,10,10
4570113671168,13709804093824,1,11,10,10,10,940,10,10,10
8830452809856,13229310919040,1,11,10,10,190,750,10,10,20
68992122881,30889679536257,1,11,10,10,10,10,10,10,940
44014824866048,66005057454467,1,11,10,10,10,940,10,10,10
8864812515585,13297225089409,1,11,10,20,10,740,70,10,140
4432408395776,13299099943040,1,11,10,10,10,10,940,10,10
26388279083017,65970966151183,1,11,10,10,10,10,10,940,10
4398587576577,13194951131527,1,11,10,840,110,10,10,10,10
26388547502464,30786596159875,1,11,10,20,10,10,930,10,10
68719542913,103347767169,1,11,10,10,10,940,10,10,10
272646401,4501937340801,1,11,80,10,10,10,870,10,10
34361868418,4501400502403,1,11,10,10,10,10,900,10,50
34366046336,13297493524609,1,11,10,20,10,930,10,10,10
13194676420736,13298024104067,1,11,50,10,10,140,20,580,190
4501125726465,66073778995585,1,11,10,10,10,10,40,910,10
8865080934657,13435463025025,1,11,10,200,700,20,10,10,50
34896625794,4434285314191,1,11,130,10,10,10,130,420,290
103616102528,4503019470976,1,11,10,10,10,940,10,10,10
4400730866048,13232525804417,1,11,120,10,40,420,10,20,380
4432410460161,4432680993159,1,11,20,30,10,10,10,910,10
13194682695680,66006942744577,1,11,30,10,10,30,10,830,80
8831258099712,13230378369155,1,11,10,10,10,940,10,10,10
44083812761600,66074582204419,1,11,10,10,10,110,10,840,10
4432410460162,13228513968515,1,11,10,920,10,10,30,10,10
103347716097,241323590017,1,11,10,10,740,210,10,10,10
343599497217,4913448894595,1,11,50,890,20,10,10,10,10
68987994240,103349862787,1,11,10,10,10,940,10,10,10
536969600,35165161345,1,11,10,10,10,940,10,10,10
536985728,4406370222208,1,11,10,10,940,10,10,10,10
48378513719552,65970972410241,1,11,80,70,20,790,20,10,10
268468483,30786596159875,1,11,20,10,10,920,20,10,10
4433482088576,4434291605635,1,11,30,10,20,720,90,10,120
274727296,1885356423,1,11,890,10,10,20,50,10,10
8830454923266,13297489395715,1,11,10,10,10,820,10,90,50
4501125726340,4501396275591,1,11,10,10,50,860,20,30,20
270532619,4398317093263,1,11,10,10,10,780,10,120,60
4243468,274776223,1,11,10,910,20,20,10,20,10
13194410098688,13230384660481,1,11,10,10,10,50,870,10,40
34628272256,4638835458176,1,11,10,10,10,560,190,210,10
8968160182272,31027649101952,1,11,940,10,10,10,10,10,10
35701932033,13232527917185,1,11,10,10,930,20,10,10,10
4432947314690,4434299977735,1,11,10,10,20,10,10,260,680
8405378,4398329643399,1,11,10,30,10,10,10,920,10
8830459052160,13297493492097,1,11,10,10,860,20,60,20,20
8933802508416,31027118473345,1,11,10,20,830,10,50,10,70
103081410560,4501933244545,1,11,10,10,10,10,10,940,10
98689,4398851933059,1,11,10,10,10,940,10,10,10
34361836164,103085508487,1,11,10,10,10,10,20,10,930
4398851833857,4501937340547,1,11,10,10,10,920,20,20,10
4398314947713,4398851835783,1,11,10,10,10,930,10,20,10
815792256,4433226252673,1,11,10,10,10,10,940,10,10
4398587576960,4399940240257,1,11,10,10,10,10,860,70,30
34359755394,35165095811,1,11,10,10,10,20,930,10,10
241591910528,242397234049,1,11,10,10,10,30,10,920,10
809517184,103890829447,1,11,940,10,10,10,10,10,10
268468483,13194410180995,1,11,150,10,10,140,670,10,10
4742182862848,4914254184577,1,11,10,20,10,10,520,20,410
281018752,4433226236801,1,11,10,10,630,20,290,20,20
240518184961,4638579474433,1,11,10,10,10,40,10,910,10
48378511638656,66005063713153,1,11,20,50,730,170,10,10,10
8830991728642,30822566477827,1,11,10,10,10,940,10,10,10
4569849397249,13434664042625,1,11,30,10,10,10,920,10,10
4398048624776,4432680992911,1,11,20,920,10,10,10,20,10
4432408379520,4638835261571,1,11,10,410,10,10,530,20,10
34359771267,4432681091203,1,11,920,10,10,10,30,10,10
240520265856,13434659799431,1,11,10,10,10,10,10,940,10
721556602881,6562980561025,1,11,890,20,10,10,50,10,10
8796099313667,13228782403715,1,11,20,10,870,20,40,30,10
34907095168,104972960128,1,11,10,10,20,10,60,10,880
103351844866,4501408841863,1,11,320,10,610,10,10,20,20
13331578486913,13709537706119,1,11,10,10,10,10,940,10,10
4638833115137,5465079562241,1,12,10,10,930,10,10,10,20
34638659720,4433226236047,1,12,10,10,940,10,10,10,10
4467573407744,4501937438849,1,12,20,930,10,10,10,10,10
109951433310209,136374076326017,1,12,10,10,10,10,930,20,10
69002592257,4501962506369,1,12,30,40,870,20,20,10,10
4398585593856,4433218093185,1,12,10,890,10,20,10,50,10
13194139746560,13228768215425,1,12,10,410,10,10,190,360,10
68990042241,104964604035,1,12,10,20,10,930,10,10,10
103083425921,240801300867,1,12,10,10,10,10,940,10,10
4536290787330,4640445874179,1,12,10,10,20,360,580,10,10
17592188158848,30787133032320,1,12,920,10,10,30,10,10,10
34630336515,4638835326983,1,12,10,10,10,930,10,20,10
8830459052038,13229319274503,1,12,10,10,910,10,10,10,40
8796902523137,13194951131535,1,12,60,10,10,40,820,10,50
4398858109184,13229319307648,1,12,30,10,920,10,10,10,10
30820687413376,66074051625089,1,12,10,10,10,900,10,10,50
21990232588419,66005059551619,1,12,10,10,10,10,940,10,10
4432412573824,13297233478017,1,12,10,10,20,30,910,10,10
8866691547264,13301247426688,1,12,10,10,10,920,20,20,10
39582687068166,66005325889551,1,12,10,10,10,20,10,930,10
8796363554950,13194951132039,1,12,10,10,940,10,10,10,10
4398048657411,30787133030787,1,12,110,670,40,150,10,10,10
34628224256,103349864321,1,12,10,10,10,910,40,10,10
4501664694400,4503011082625,1,12,10,10,10,930,10,20,10
4467038633985,4501937373315,1,12,10,10,10,70,880,10,10
13263127478273,13297501913217,1,12,10,10,10,940,10,10,10
103347683331,13435463057539,1,12,30,10,810,80,20,20,30
61572653269120,66211217949057,1,12,10,10,10,10,570,90,300
4570382090368,13435463057793,1,12,40,900,10,20,10,10,10
4399388688397,4503004790927,1,12,10,10,860,40,20,50,10
4399403368448,4503036248192,1,12,10,690,50,220,10,10,10
8831794938369,13232527901569,1,12,410,40,10,440,10,10,80
270532998,4501400469895,1,12,900,40,10,10,10,10,20
4399120269443,13230380466307,1,12,10,10,10,940,10,10,10
21990769442819,66212021157891,1,12,170,740,10,10,10,50,10
8796103508353,13228513969027,1,12,10,10,90,20,10,10,850
137975873920,241323721089,1,12,10,10,880,70,10,10,10
4569849397378,4913448894851,1,12,10,10,880,10,40,10,40
34361868547,103354057091,1,12,550,30,40,270,10,80,20
34628191745,35167258497,1,12,10,10,20,20,70,840,30
17592458690689,65970980798849,1,12,20,630,10,10,240,80,10
809517059,4434299994243,1,12,890,10,60,10,10,10,10
1610629127,1885356431,1,12,200,720,30,10,10,20,10
4467034472449,13297493590019,1,12,20,10,910,30,10,10,10
270549251,4501400469895,1,12,10,20,20,10,920,10,10
4398046560644,4398321287567,1,12,10,10,10,940,10,10,10
270532755,274776479,1,12,10,10,10,10,10,10,940
35974561793,13232532144129,1,12,10,850,50,30,10,40,10
4604207185920,4638839652480,1,12,10,70,10,10,810,80,10
22059488919680,31027649101953,1,12,40,100,770,50,10,10,20
13196825985152,13232527949953,1,12,10,10,20,930,10,10,10
1352663045,13230392999943,1,12,10,10,10,10,10,940,10
4398321238021,4432689381767,1,12,10,30,760,20,10,60,110
4467034439937,13297493524865,1,12,10,30,870,20,40,10,20
4398851833985,4639372198017,1,12,30,10,30,20,120,780,10
4398851834370,4398854030211,1,12,10,10,900,30,30,10,10
68723672323,4501132019591,1,12,10,10,10,10,940,10,10
103085506690,4501945729155,1,12,10,920,10,30,10,10,10
536888070,4398853932935,1,12,10,10,10,10,10,940,10
4432410460417,4434299994497,1,12,10,10,930,10,20,10,10
1352663297,4402087723905,1,12,110,10,10,620,20,210,20
805340417,36238837635,1,12,280,10,30,10,650,10,10
103081312263,103890829455,1,12,10,10,10,10,940,10,10
13194141712512,13194947051907,1,12,10,10,10,930,20,10,10
172071321729,4915327926401,1,12,10,10,20,10,910,10,30
4432945218049,4433226253185,1,12,10,30,20,60,860,10,10
17626552074497,66005063745921,1,12,20,30,330,580,10,20,10
21991574749185,30822570672131,1,12,10,10,10,10,10,940,10
8864814645376,13434932478081,1,12,10,70,10,850,40,10,10
34632368135,4432680993167,1,12,50,830,60,20,10,20,10
206426882051,4639372132483,1,12,20,30,810,10,30,10,90
4398321319936,4432681091207,1,12,940,10,10,10,10,10,10
5841423958144,6562980561027,1,12,10,10,10,810,140,10,10
4432683090048,13228782436483,1,12,10,940,10,10,10,10,10
70065864960,4503019471232,1,12,10,10,40,10,910,10,10
4398056996997,4501408858247,1,12,10,10,10,10,660,10,290
377959219206,13709806141575,1,12,10,10,10,10,930,10,20
826246447104,5465079595009,1,13,10,10,10,940,10,10,10
34364031105,4501937439105,1,13,10,20,20,920,10,10,10
26422643015808,136374613196929,1,13,10,10,940,10,10,10,10
4432959914112,4501962539137,1,13,790,140,20,20,10,10,10
34632499329,4433218093441,1,13,10,940,10,10,10,10,10
34628468865,13228768215937,1,13,10,10,10,10,10,940,10
35974561794,104972992643,1,13,10,80,10,10,830,10,50
137717874946,241338171779,1,13,10,120,830,10,10,10,10
104155086849,4642593357827,1,13,10,10,10,10,10,810,140
4604204990468,4638839521287,1,13,10,10,20,10,10,910,30
4398860222465,13229319307271,1,13,10,10,10,10,940,10,10
4398048608398,13196024873359,1,13,940,10,10,10,10,10,10
8830461198464,13229319373184,1,13,10,10,870,10,80,10,10
35253364211713,66074060013697,1,13,10,10,940,10,10,10,10
44014826963200,66005327987075,1,13,150,10,10,30,780,10,10
26422638821385,66074045366287,1,13,10,340,60,40,390,140,20
26389084373376,30787133031299,1,13,10,10,10,10,940,10,10
68721640065,103354058625,1,13,10,10,10,10,940,10,10
1346388225,4503019471233,1,13,10,10,10,940,10,10,10
34898739330,4503011115139,1,13,10,20,430,40,230,10,260
34374434944,13297518690433,1,13,20,50,20,870,10,20,10
13332115374208,13435463123075,1,13,80,10,510,360,10,20,10
8865080967425,13435463058305,1,13,180,10,20,10,740,10,30
103616102530,4503004823695,1,13,10,10,10,20,10,20,920
103632879744,4503036248448,1,13,60,700,60,10,140,20,10
4400732963200,13232532095873,1,13,480,10,10,220,20,230,30
4501129936897,4501400469903,1,13,10,10,940,10,10,10,10
8831260196864,13230384660611,1,13,20,10,70,30,840,20,10
44221251715072,66212021158019,1,13,10,10,10,10,10,940,10
4432410460674,30820700013443,1,13,780,10,10,60,10,30,100
103347847169,241323983233,1,13,10,10,10,940,10,10,10
343599497473,4913448927619,1,13,10,10,940,10,10,10,10
68992188544,103354057095,1,13,870,10,20,30,10,40,20
539066752,103886735233,1,13,10,10,10,870,80,10,10
48378522108160,65970980799361,1,13,10,20,80,20,80,780,10
4433490477184,4434299994247,1,13,10,10,940,10,10,10,10
274727304,1885356943,1,13,10,10,10,10,10,10,940
8830459117570,13297493721091,1,13,10,20,20,130,260,550,10
4501129920644,4501937340807,1,13,10,10,50,890,20,10,10
274726923,4398329676175,1,13,20,10,910,10,10,30,10
4243724,4398321287583,1,13,10,10,10,10,940,10,10
13196557582336,13232532144257,1,13,10,60,10,600,20,10,290
34632466560,4639376523392,1,13,10,170,20,680,100,10,10
8968160182273,31027649167489,1,13,810,10,20,30,40,10,80
35701964801,13232532144257,1,13,10,10,30,10,10,920,10
13229040336898,13299112476679,1,13,10,20,10,10,20,30,900
34368143746,4432689414535,1,13,10,20,240,10,10,590,120
8830459084928,13297493590401,1,13,10,20,920,10,10,10,20
240520364032,4914250104961,1,13,10,20,280,620,40,20,10
2195841,4398854161283,1,13,10,10,10,600,350,10,10
4432408347268,4501400455047,1,13,900,10,10,10,50,10,10
4398860222465,4501945729411,1,13,10,10,930,10,10,20,10
4398317044865,4433213671303,1,13,10,10,10,930,10,10,20
1889534080,4434300027265,1,13,10,10,10,10,940,10,10
4400735060608,4402104501121,1,13,10,10,10,10,20,10,930
35433497218,38386321283,1,13,10,10,10,20,930,10,10
809517192,104964571279,1,13,20,10,930,10,10,10,10
805339395,13194951246211,1,13,10,10,20,80,840,30,10
4743256604672,4917475410049,1,13,10,30,10,20,20,20,890
281035136,4434299995009,1,13,10,10,940,10,10,10,10
48378511671424,66005072134529,1,13,10,30,330,600,10,10,10
8830995922946,30891290148867,1,13,10,20,10,10,20,70,860
4570117832705,13434940866689,1,13,10,560,390,10,10,10,10
4398048625032,4432680993679,1,13,710,20,10,10,20,110,120
4432945250432,4639372198019,1,13,10,920,10,30,10,10,10
34359771271,4432681091215,1,13,10,30,20,10,890,10,30
721556602883,6562984755331,1,13,940,10,10,10,10,10,10
8796099346435,13228782436739,1,13,10,10,10,10,10,940,10
4432953606272,4505166954880,1,13,490,10,430,10,10,40,10
103351861250,4501945729159,1,13,10,10,880,10,70,10,10
13331846922369,13710343012487,1,13,200,250,10,240,260,10,30
4467573408000,4501945827713,1,14,10,10,10,850,100,10,10
109951970181121,136374613229697,1,14,20,10,10,860,50,20,30
69002625025,4501962539139,1,14,10,50,870,10,10,10,40
4398585594112,4433218093953,1,14,10,10,10,10,670,240,50
13194139747072,13297487692673,1,14,10,10,40,10,910,10,10
68998430849,107120476291,1,14,780,160,10,10,20,10,10
103620296833,241338204547,1,14,10,30,10,10,910,20,10
4538438270978,4917471264771,1,14,40,10,100,70,30,10,740
34634530819,4913717428231,1,14,10,20,20,920,10,10,10
8830459084806,13230393049095,1,14,40,890,10,10,30,10,10
4398858174720,13229319504256,1,14,620,20,250,10,10,50,40
30820695801984,66074060046465,1,14,20,870,20,10,50,10,20
21990501023875,66005864857987,1,14,10,60,20,870,20,10,10
39651406544902,66074582237199,1,14,20,840,10,10,50,10,60
4398048657923,30788206773123,1,14,10,10,10,10,930,10,20
34632418560,103890929537,1,14,920,10,10,10,30,10,10
4501673083008,4503036248449,1,14,20,30,20,10,880,30,10
4468112375809,4503011180675,1,14,710,10,10,20,10,10,230
13263144255489,13297552244865,1,14,20,30,10,40,860,10,30
103347748867,13435463254147,1,14,220,140,480,20,100,30,10
4570382090880,13436536800129,1,14,50,10,30,710,140,10,50
4399388721165,13299097845903,1,14,10,50,10,10,10,900,10
4399403368704,4503036248960,1,14,10,10,770,180,10,10,10
8831799132673,13232532095875,1,14,10,20,10,870,10,20,60
270533006,4501400502671,1,14,940,10,10,10,10,10,10
4399124463747,13232532144259,1,14,10,10,10,10,10,940,10
26388289552769,30820700013447,1,14,30,830,20,90,10,10,10
137976136064,241326080385,1,14,10,10,10,940,10,10,10
4569849430146,4913448993155,1,14,30,10,10,10,920,10,10
34361868551,103354057103,1,14,10,50,10,260,530,70,70
17592458691201,66005340537729,1,14,10,10,10,900,10,20,40
809517063,4434300027015,1,14,940,10,10,10,10,10,10
1610629639,4399931868047,1,14,50,10,10,20,10,890,10
4467034603521,13434932674563,1,14,10,70,10,770,10,10,120
807420163,4501945729415,1,14,10,10,940,10,10,10,10
4398054949252,4398329741711,1,14,10,10,40,10,750,170,10
35974561921,13232540532865,1,14,10,800,100,10,10,10,60
4604744056832,4639384912000,1,14,30,10,10,880,10,20,40
22059488985216,31027649167491,1,14,10,830,20,20,10,40,70
13196830179456,13301251620993,1,14,10,10,930,10,10,20,10
70072139781,30891298521095,1,14,10,20,10,160,10,10,780
4398321270789,4501408891271,1,14,10,20,480,10,10,460,10
4467034505473,13297493721473,1,14,40,870,10,10,10,50,10
4673729740929,4914254299265,1,14,30,10,820,30,90,10,10
4398851965442,4398858355587,1,14,20,10,10,10,20,920,10
68992107779,4501400455055,1,14,10,10,10,10,920,10,30
103085506946,4501945762179,1,14,10,660,30,240,30,20,10
34896626438,4433217865607,1,14,20,10,10,930,10,10,10
1369440513,13198197523329,1,14,60,10,10,890,10,10,10
2952824065,42681288579,1,14,930,10,10,10,10,20,10
104155054087,104964604047,1,14,10,940,10,10,10,10,10
13194145906816,13196024988035,1,14,10,10,10,680,270,10,10
174218805377,13713568432257,1,14,10,20,10,10,10,10,930
4434018959873,4434300027777,1,14,10,10,10,10,940,10,10
17626560463105,66005088911745,1,14,30,20,850,10,50,10,30
22060294225921,66075662237699,1,14,10,10,10,10,10,940,10
8864823033984,13434940866945,1,14,10,10,930,20,10,10,10
34632368647,4432680993695,1,14,40,10,10,10,870,20,40
206426947587,4639372198275,1,14,10,10,10,940,10,10,10
4398321319944,4433217962127,1,14,10,160,20,690,10,100,10
5841428152448,6562984755335,1,14,940,10,10,10,10,10,10
4432683090304,13297501913475,1,14,10,10,10,20,930,10,10
72213348608,4505166954881,1,14,20,10,10,60,10,880,10
4398593867909,4501945761927,1,14,10,910,40,10,10,10,10
378496090118,13711416754311,1,14,830,10,20,30,10,10,90
34372419713,4501962604929,1,15,10,30,10,10,920,10,10
26422643048576,136374621618305,1,15,510,20,10,50,380,10,20
4432959914114,4501962604675,1,15,10,40,20,890,10,20,10
34632499841,4434291835777,1,15,50,10,10,10,10,900,10
103347945601,13298024563585,1,15,670,10,20,40,240,10,10
38122045442,107120476295,1,15,10,10,10,10,940,10,10
137717907714,242411946371,1,15,10,920,30,10,10,10,10
379032993793,13713564286979,1,15,750,140,20,20,10,30,30
4879082897412,4913725816839,1,15,10,10,10,20,10,930,10
4399933964289,13230393049223,1,15,10,10,10,10,940,10,10
8830461329536,13229319504257,1,15,10,10,10,10,720,30,210
35253364244481,66074060046721,1,15,10,10,30,10,920,10,10
44015363834112,66005869052291,1,15,730,10,10,140,30,20,60
26423175692297,66074582237327,1,15,10,940,10,10,10,10,10
26390158115200,30790354256771,1,15,10,300,30,40,600,10,10
1363165441,4505183732097,1,15,10,10,940,10,10,10,10
34898804866,4503011180679,1,15,50,10,860,10,10,10,50
34407989376,13298089115777,1,15,10,10,10,10,940,10,10
13332115505280,13435463516291,1,15,640,10,10,30,290,10,10
8866154709249,13436538897281,1,15,230,700,10,10,20,10,20
8899709124738,13436536799375,1,15,10,870,10,80,10,10,10
103632880256,4503036281728,1,15,30,40,50,390,440,10,40
4400732963202,13232540484483,1,15,40,10,10,870,10,10,50
8833407680512,13301251620995,1,15,10,60,10,40,10,860,10
4432410460678,30820700014471,1,15,930,10,10,10,20,10,10
343599563009,4913717428611,1,15,10,20,10,930,10,10,10
68992188552,103890928015,1,15,10,10,20,930,10,10,10
48412881846528,66005357314945,1,15,10,20,20,10,60,870,10
4398321238408,4434291606415,1,15,10,10,910,30,10,10,20
8967898071042,13434941063171,1,15,60,680,10,220,10,10,10
4501138309252,4501945762183,1,15,10,940,10,10,10,10,10
274792459,4398866612623,1,15,10,10,860,10,10,90,10
13196565970944,13232540533121,1,15,10,900,30,10,10,30,10
34640855168,4639401689216,1,15,10,20,10,10,930,10,10
8968160182275,31027649167747,1,15,50,170,30,700,20,20,10
104421441537,13301251686529,1,15,10,10,20,20,10,700,230
30821226381314,66075670609927,1,15,20,20,890,10,20,20,20
103087620482,4501408956807,1,15,10,10,930,10,20,10,10
8830459216000,13297493721985,1,15,10,20,10,10,10,100,840
240524558336,4914254430337,1,15,10,10,10,870,80,10,10
6390145,4433218093955,1,15,10,70,10,880,10,10,10
4432408347276,4501937325967,1,15,10,10,10,10,60,10,890
4398860255233,4501945762691,1,15,10,10,20,10,10,930,10
4398321239169,4433226254215,1,15,150,10,10,720,70,30,10
13196828082816,13198231077761,1,15,290,10,40,10,10,10,630
39728464514,42681288583,1,15,10,10,10,10,10,10,940
809549960,104964604303,1,15,10,10,940,10,10,10,10
1879081219,13196033376643,1,15,10,10,10,10,940,10,10
13539349626880,31305754476673,1,15,10,900,10,10,30,10,30
281067904,4436447511425,1,15,940,10,10,10,10,10,10
48378528448640,66005088977281,1,15,10,30,440,10,470,30,10
44015368011778,66213101191171,1,15,10,90,30,10,10,840,10
4570117832961,13434940932481,1,15,610,30,280,50,10,10,10
4398048625048,4433217864607,1,15,10,40,10,90,10,800,40
4432945250688,4639376392579,1,15,70,10,10,880,10,10,10
34896642183,4433226350735,1,15,10,10,20,60,840,20,40
721556602887,6562984755343,1,15,10,150,10,750,60,10,10
8864818823171,13298038784387,1,15,30,50,10,880,10,10,10
4432953606273,4642605908353,1,15,10,20,480,10,10,460,10
103351894018,4501945762183,1,15,10,10,940,10,10,10,10
13332920664193,13711416754319,1,15,10,10,10,930,10,20,10
4467590185216,4503036346753,1,16,10,30,30,10,50,780,90
109951978569729,136374621618307,1,16,10,890,10,10,30,30,20
69002690561,4501996159107,1,16,80,30,10,10,30,820,20
4399659335936,4503011312513,1,16,10,10,10,930,10,10,20
13194676617984,13298024563587,1,16,40,10,10,20,180,720,20
104694038657,242411946883,1,16,10,20,10,30,10,830,90
13334531293186,13713564286983,1,16,10,10,930,10,10,10,20
4398858174721,13230393246081,1,16,10,10,10,940,10,10,10
21990505218179,66005869052295,1,16,10,20,10,920,10,10,20
39651406545030,66074582237583,1,16,10,30,860,60,10,10,20
4400196141571,30794649224067,1,16,190,70,10,10,670,40,10
4503820566656,4505183764865,1,16,900,10,50,10,10,10,10
4468112375813,4503011311751,1,16,50,10,40,870,10,10,10
13263681126401,13299162857601,1,16,10,10,940,10,10,10,10
103348011011,13435463516295,1,16,10,550,10,10,60,10,350
4570384188032,13436538898305,1,16,10,10,100,850,10,10,10
4536827674637,13436536799631,1,16,10,10,10,940,10,10,10
4399403401472,4505183765376,1,16,880,30,50,10,10,10,10
8831807521281,13232557261699,1,16,670,10,110,10,110,80,10
4467843940483,13438690574467,1,16,10,10,30,10,10,880,50
26388289553793,30820700014479,1,16,920,10,10,30,10,10,10
4570117865602,4913725817219,1,16,920,10,10,10,30,10,10
34898739463,103899316623,1,16,10,10,10,100,850,10,10
17592475468417,66074076791681,1,16,10,30,10,10,10,920,10
35970368007,4434291639183,1,16,10,10,10,940,10,10,10
4467042992129,13434941063299,1,16,10,750,20,10,20,20,170
807452931,4501945762695,1,16,10,10,940,10,10,10,10
4398591820164,4398866743695,1,16,880,10,10,60,10,10,20
35974562177,13232540533633,1,16,10,10,10,940,10,10,10
4604760834048,4640475431040,1,16,10,10,10,10,940,10,10
22059488985472,31027651264899,1,16,10,10,10,890,10,10,60
13196830244992,13438690640001,1,16,10,10,10,10,30,80,850
35254444228613,66075670626311,1,16,10,80,10,10,870,10,10
4398321336325,4501409087879,1,16,10,10,10,10,940,10,10
4467034505985,30889679766401,1,16,10,10,10,780,10,30,150
4673729872001,4914262818945,1,16,10,10,190,50,720,10,10
4433211703810,4433226482563,1,16,10,10,10,940,10,10,10
69528978691,13298030348175,1,16,10,10,10,10,940,10,10
103085507458,4639384716163,1,16,10,940,10,10,10,10,10
34905015046,4433243031431,1,16,920,10,10,20,20,10,10
1402994945,30790417122177,1,16,10,10,10,940,10,10,10
2952824069,4440727799687,1,16,10,60,10,10,190,650,70
104155054343,104964669839,1,16,10,10,20,670,10,90,190
17766404849793,31305754476929,1,16,10,920,30,10,10,10,10
17626560528641,66005357412737,1,16,20,860,40,50,10,10,10
22197733179393,66487979098115,1,16,50,40,10,870,10,10,10
8864823099520,13434940932483,1,16,20,10,910,10,30,10,10
35169239559,4501937341343,1,16,10,30,60,10,840,40,10
206431141891,4639384781187,1,16,30,20,880,20,10,10,30
4398329708552,4434300092559,1,16,10,20,20,870,30,40,10
5841428152456,6562993143951,1,16,10,10,10,20,40,10,900
4433219961216,13298055561603,1,16,20,10,10,10,930,10,10
209652302080,4642605941121,1,16,10,10,10,20,10,930,10
4398593868165,4501945827719,1,16,20,10,910,10,10,20,20
378496090126,13711420948623,1,16,940,10,10,10,10,10,10
35446161537,4640475300225,1,17,20,390,50,10,470,50,10
26422643048578,136374621618563,1,17,40,20,70,690,140,10,30
4432993468546,4639435112579,1,17,80,40,400,10,200,180,90
103351976577,4503019701121,1,17,10,10,40,10,10,910,10
103347945603,13435463517059,1,17,10,820,10,70,10,60,20
379032993797,13713564352519,1,17,720,10,10,10,10,190,50
44015363834116,66005877440903,1,17,100,20,350,490,20,10,10
26423175692553,66074582303119,1,17,30,20,10,10,30,880,20
26394453082496,30803239158659,1,17,10,920,30,10,10,10,10
1363198209,4505183764867,1,17,10,10,940,10,10,10,10
34898935938,4503019700359,1,17,10,10,940,10,10,10,10
35481731200,13299162923137,1,17,10,940,10,10,10,10,10
13332115505284,13435463516551,1,17,10,920,10,10,30,10,10
8866154710273,13436543092609,1,17,10,40,10,10,40,10,880
8899709124994,13436538896783,1,17,10,10,10,940,10,10,10
105780363904,4505183765377,1,17,940,10,10,10,10,10,10
4400749740418,13232557261703,1,17,10,20,10,20,10,70,860
4432410460686,30820700014495,1,17,10,10,10,910,30,20,10
343607951617,4913725817223,1,17,10,70,10,880,10,10,10
69000577160,104973058447,1,17,10,10,10,820,110,20,20
48481601323264,66211515745153,1,17,20,10,10,920,10,20,10
4398321271176,4434300027791,1,17,10,10,930,20,10,10,10
8967898071170,13434941063555,1,17,10,20,10,40,900,10,10
4501138309764,4501945828231,1,17,10,10,30,920,10,10,10
274923531,4398866743711,1,17,540,20,10,40,10,370,10
13196565971456,13232557310849,1,17,10,10,940,10,10,10,10
35714596992,4642622914688,1,17,10,930,10,10,10,20,10
8968162279427,31027655459203,1,17,10,30,870,10,50,10,20
241860395009,31030876684417,1,17,10,10,10,10,10,940,10
30821226397698,66077818109959,1,17,10,10,920,10,30,10,10
103087751554,4501945958791,1,17,590,10,10,110,190,70,20
26422645260416,30889688155009,1,17,10,10,10,20,10,10,930
240532946944,4915336560769,1,17,10,10,10,10,940,10,10
14778753,4433243259779,1,17,20,10,10,930,10,10,10
13228501369484,13299104089999,1,17,70,20,10,20,570,10,300
4398338016385,4433243031439,1,17,120,20,10,820,10,10,10
4437774975618,4509447276423,1,17,10,10,10,10,10,940,10
809615496,104973058447,1,17,10,10,940,10,10,10,10
13539349627136,31305754477441,1,17,10,20,30,10,900,10,20
48378796884096,66005357413249,1,17,10,530,230,50,20,50,110
4466768101784,4503011083167,1,17,10,30,30,10,900,10,10
4432953639296,4639384912259,1,17,20,20,10,10,890,20,30
721564991495,15359086166159,1,17,10,10,10,10,940,10,10
8864835600387,13299129303427,1,17,10,20,10,10,910,10,30
103351959554,4501945958791,1,17,60,360,10,120,160,250,40
109951978569985,136374638395779,1,18,10,10,10,20,100,840,10
206441644033,4639435243651,1,18,70,770,10,10,110,10,20
4399667724544,4640458654593,1,18,10,10,30,10,10,910,20
13332115571456,13435463518083,1,18,70,10,30,10,100,770,10
13334531358722,13713564352527,1,18,10,640,10,110,10,10,210
21990513606787,66005894218119,1,18,910,20,10,10,10,10,30
39651406610566,66212021256591,1,18,10,730,140,40,10,60,10
4408786076163,30803239159683,1,18,20,10,300,640,10,10,10
13263681191937,13299162923393,1,18,50,10,890,20,10,10,10
103348011267,13435463517063,1,18,20,10,10,10,930,10,10
4570388382336,31028729137025,1,18,10,10,10,10,10,10,940
4399403401473,4505183765379,1,18,10,10,930,10,10,20,10
8831807521285,30824743306119,1,18,10,20,60,10,10,610,280
26388289553809,30820716791711,1,18,10,260,40,210,430,20,30
35972481287,104989835663,1,18,10,10,920,30,10,10,10
17729914421889,66211549299585,1,18,370,550,10,10,10,10,40
35978756615,4434300093327,1,18,10,10,940,10,10,10,10
4467042992385,13435477934467,1,18,10,230,30,690,10,10,20
807518467,4501962605447,1,18,10,10,940,10,10,10,10
4398591820180,4398866743743,1,18,10,30,30,880,20,20,10
35991339393,13232557376385,1,18,10,10,100,820,10,30,20
4606908317696,4642622914944,1,18,10,10,10,10,10,940,10
22059493179776,31027655590275,1,18,10,10,10,10,940,10,10
35256591712261,66077818142727,1,18,830,10,10,40,10,40,60
4398858207237,4501945958799,1,18,10,10,10,10,10,940,10
4467042894593,66074060243841,1,18,10,10,10,940,10,10,10
4674803613825,4917484044417,1,18,10,10,190,20,750,10,10
4433228481026,4433276814211,1,18,10,10,10,540,370,10,50
70602720515,13301251573647,1,18,10,10,10,130,10,10,820
34905015054,4433276585871,1,18,940,10,10,10,10,10,10
71672300805,4646886229895,1,18,10,940,10,10,10,10,10
17766404850305,31310049444737,1,18,100,40,10,10,780,10,50
17626560529153,66005357414273,1,18,100,20,600,30,150,90,10
36242981383,4505158566815,1,18,20,10,10,10,10,930,10
206431272963,4640458654083,1,18,10,10,10,10,830,20,110
14637521174664,15359623037071,1,18,10,20,110,780,60,10,10
4434293703040,13301276787075,1,18,10,30,10,10,10,920,10
4398593999237,4501945959303,1,18,10,940,10,10,10,10,10
26422659825794,136443357872515,1,19,10,10,10,10,10,940,10
4432993599618,4639435243907,1,19,10,940,10,10,10,10,10
240790930049,4915336561537,1,19,930,10,10,10,10,20,10
103347946627,13710341425027,1,19,20,10,20,10,40,890,10
379032993805,13713564352655,1,19,10,920,10,20,10,20,10
44015380611332,66005894218127,1,19,60,10,10,80,290,10,540
26560614646025,66212021257103,1,19,10,10,830,10,50,80,10
26394453083520,30803243353987,1,19,10,60,10,20,10,10,880
35481731456,13299163054465,1,19,10,820,10,20,110,10,20
13332115505796,13436537258887,1,19,10,10,10,20,150,790,10
105780363906,4505183830915,1,19,10,10,10,10,10,940,10
21992935784834,30893462782855,1,19,10,10,10,10,10,10,940
4432427237902,30820985227167,1,19,10,10,30,10,590,340,10
69017354376,104989966735,1,19,10,10,10,940,10,10,10
48481634877696,66211549300609,1,19,100,80,180,10,600,20,10
8968434942082,13435494711683,1,19,10,70,10,10,880,10,10
274923563,4398883520959,1,19,10,20,10,10,10,930,10
13196566036992,13232590930817,1,19,420,10,10,10,20,510,20
8968162410499,31028729332099,1,19,10,10,10,10,10,940,10
30821226430466,66077818142735,1,19,20,910,10,20,10,20,10
103087751562,4639384912271,1,19,10,10,10,10,110,820,30
242680430592,4921779011713,1,19,10,30,10,20,880,40,10
48333185,4433343923075,1,19,350,10,10,10,460,110,50
13230648853132,30893437618063,1,19,30,10,10,10,30,10,900
4575213929090,4646886231943,1,19,10,10,10,20,10,10,930
13543644594432,31318639379329,1,19,10,850,10,80,10,10,30
48378796885120,66005357545345,1,19,10,20,220,710,10,10,20
4468915585432,4642597520287,1,19,10,20,880,50,10,20,10
4434027381120,4642606137731,1,19,930,20,10,10,10,10,10
722101862407,15359639814287,1,19,10,20,10,20,920,10,10
8866983084035,13438715740547,1,19,930,10,10,10,20,10,10
103351960066,4501945960327,1,19,10,10,10,80,80,800,10
110020698046721,136580796825987,1,20,30,900,10,10,20,20,10
4674545631488,4915336561539,1,20,10,20,10,10,10,930,10
13606993478400,14260097238915,1,20,750,10,10,20,190,10,10
13334531358850,13713564352911,1,20,10,920,10,20,20,10,10
21990513606795,136374638395791,1,20,10,50,70,700,20,110,40
39651406611078,66212021388175,1,20,10,150,10,70,670,80,10
4408790270467,65987615442819,1,20,10,10,60,830,10,70,10
13263681323009,13299163054977,1,20,10,30,920,10,10,10,10
104421753091,13711415165831,1,20,10,20,10,10,930,10,10
4399403467009,4642622784387,1,20,10,940,10,10,10,10,10
8900526998021,66077834871687,1,20,40,40,570,100,10,100,140
26388557989265,30821522098079,1,20,10,10,940,10,10,10,10
17729914422913,66212086171521,1,20,20,10,10,10,930,10,10
4467059769601,13436568453507,1,20,10,30,70,10,860,10,10
4398608597396,4433243259327,1,20,10,830,90,40,10,10,10
36024893825,13301310407553,1,20,10,10,500,10,10,10,450
22060566921600,31303607239043,1,20,10,880,10,10,10,20,60
35256591712269,66077818142863,1,20,10,930,20,10,10,10,10
4536297160709,4914262819215,1,20,30,910,10,10,10,10,20
4679098581121,4930368946305,1,20,10,10,900,50,10,10,10
4433295589890,4434417664899,1,20,10,10,10,10,940,10,10
17662788764931,66077809706895,1,20,10,10,10,10,20,20,920
71672302853,13442979254151,1,20,20,10,10,10,930,10,10
17774994784897,31318639380353,1,20,120,800,10,10,10,20,30
17626560660225,66005391099777,1,20,640,40,10,50,240,10,10
173681934855,4642597553055,1,20,10,10,40,910,10,10,10
208578756611,4642606137735,1,20,10,780,10,10,10,170,10
14637537951880,15360713556111,1,20,250,10,10,20,690,10,10
4571732656512,13438715740551,1,20,10,10,280,10,20,10,660
4398594000261,4639384913799,1,20,10,920,20,10,20,10,10
26560098779266,136580796826499,1,21,10,10,930,10,20,10,10
240790930051,5465092375427,1,21,30,10,10,20,900,20,10
653103760515,14260097238919,1,21,10,10,10,10,20,930,10
379032994061,13713564353423,1,21,10,40,880,20,10,10,30
114384124788996,136374671950223,1,21,110,30,10,10,820,10,10
26560614777097,66213095129999,1,21,10,900,10,30,30,10,10
61578825172352,65987623831427,1,21,10,10,140,30,10,10,790
13606993412740,13713562649479,1,21,110,790,10,40,20,10,20
57177307873666,66077834888071,1,21,20,10,20,40,10,880,20
4432964108814,30821522130847,1,21,10,10,10,10,930,10,20
48482171748608,66213159913345,1,21,10,10,150,30,20,10,770
8969508683906,13438715937155,1,21,10,20,10,900,10,40,10
34634661931,4433243259839,1,21,10,940,10,10,10,10,10
13265285513728,13301310538625,1,21,20,10,10,20,10,870,60
9243040317443,31303607239555,1,21,40,670,10,20,10,30,220
30821226430594,66077818143119,1,21,330,10,530,90,20,10,10
377965658506,4914262819727,1,21,10,890,10,20,20,20,30
251270365184,4930369208449,1,21,110,90,10,690,10,80,10
1122075009,4436565148547,1,21,40,100,10,10,820,10,10
48415020941964,136446553884559,1,21,900,10,10,10,50,10,10
13371306951298,13451569188743,1,21,10,10,10,10,10,10,940
13543644595456,31318639382401,1,21,50,10,10,30,10,10,880
48378830439552,66005391099779,1,21,940,10,10,10,10,10,10
4468915618200,4642605941663,1,21,10,100,40,630,10,190,20
4434027381124,4642606138247,1,21,10,70,860,30,10,10,10
723175604231,15362861039759,1,21,10,10,10,10,10,10,940
110020698047233,136580796892035,1,22,10,10,80,830,30,10,30
5224301445376,5467239859075,1,22,140,70,430,10,140,10,200
13606993478404,15359608866695,1,22,10,10,10,40,910,10,10
13334531359362,13713564484495,1,22,10,30,20,850,60,10,20
21990547161227,136375745692047,1,22,10,20,20,10,760,170,10
39652480352902,66213095131023,1,22,10,10,250,680,10,30,10
106569236739,13713562650503,1,22,110,70,10,20,10,760,20
26388558022033,30822595872671,1,22,10,10,10,10,940,10,10
17730988164737,136581904091009,1,22,160,30,10,10,50,340,400
4469207253249,13438749491587,1,22,10,10,10,10,10,940,10
36025024897,13438749492097,1,22,10,10,10,10,10,940,10
22060566922112,31303607240579,1,22,10,10,10,930,10,10,20
35256591712525,66077818208655,1,22,910,10,10,30,20,10,10
4536297161221,4914262820751,1,22,240,10,180,540,10,10,10
4435443073538,4440860115843,1,22,10,910,10,10,10,40,10
88031532942595,136446553884575,1,22,10,10,10,30,870,10,60
80262237445,31043755233159,1,22,30,100,10,30,10,10,810
17774994786945,66503011471233,1,22,230,10,500,10,10,10,230
17626560660227,66005391099783,1,22,10,10,40,10,910,10,10
173690323463,4642622718879,1,22,240,20,520,170,10,30,10
208578757123,4642606400391,1,22,40,840,30,20,40,20,10
26560098844802,136580830446467,1,23,10,10,940,10,10,10,10
242938413699,5467240121219,1,23,770,70,20,30,50,10,50
1752615388291,15360682608519,1,23,10,10,10,30,920,10,10
379033125133,13713568678799,1,23,10,930,10,10,10,20,10
26560614778121,66213097228175,1,23,10,10,10,10,890,60,10
13606993413764,14263318464391,1,23,40,10,20,160,70,10,690
118850915926272,277319392446337,1,23,10,800,80,10,50,40,10
30821226496130,66077818208671,1,23,10,10,940,10,10,10,10
377965659530,4914279597967,1,23,10,900,10,30,10,20,20
48415020941980,136450848851871,1,23,940,10,10,10,10,10,10
30963492995714,66228127321991,1,23,10,30,10,10,10,10,920
48728016684288,66503011487617,1,23,10,560,10,10,10,20,380
5224301707520,5467240121223,1,24,140,430,10,10,10,10,390
13608067220228,15362830092167,1,24,60,10,20,870,20,10,10
13334535553666,13713568679823,1,24,10,760,20,10,180,10,10
39652482450054,66215244711823,1,24,10,10,10,90,650,220,10
656325050627,31855504508807,1,24,320,40,20,60,10,240,310
158468476520065,277319392448385,1,24,10,10,10,10,40,910,10
4536313938437,4914279600015,1,24,30,10,440,330,20,10,160
35264634326277,136596871499655,1,24,10,850,10,20,10,10,90
17774994803329,66503011491713,1,24,180,10,740,10,10,10,40
242938413703,5467240122247,1,25,460,10,410,20,50,10,40
1754762871939,15362832189319,1,25,10,10,10,10,940,10,10
379033126157,13713568681871,1,25,10,10,880,30,10,10,50
26562762261769,66219539679119,1,25,10,10,220,10,710,30,10
31199179458180,31855504508815,1,25,10,10,10,10,10,10,940
377965661578,4914279862159,1,25,10,10,200,10,200,550,20
101332237173378,136596871503751,1,25,20,10,20,20,10,10,910
48728016688384,66503011524481,1,25,20,10,900,10,10,10,40
13608069317380,15367127156615,1,26,10,20,10,930,10,10,10
13334535555714,13713568944015,1,26,10,800,10,10,120,10,40
39656777417350,66228129613711,1,26,10,10,20,30,10,830,90
4536314200581,5464035676047,1,26,10,60,20,850,10,20,30
35264634330373,277334359859079,1,26,20,10,880,60,10,10,10
17774994836097,66503011590017,1,26,10,10,10,940,10,10,10
379033388301,13713568948111,1,27,10,10,10,10,890,30,40
26571352196361,66503007520655,1,27,10,30,10,30,10,10,900
927721475466,5464069230479,1,27,10,20,10,30,890,30,10
242069725528706,277334359924615,1,27,60,10,40,50,10,820,10
13334535559810,13717863915407,1,28,10,10,860,10,90,10,10
39931655324294,136871751698319,1,28,20,10,20,10,10,60,870
4536347755013,5465142972303,1,28,10,10,10,10,940,10,10
35264634395909,277609237831559,1,28,10,10,10,940,10,10,10
383328355597,13717864439695,1,29,10,10,10,10,940,10,10
96940096374025,277609240053647,1,29,10,80,870,10,10,10,10
928795217290,5467290455951,1,29,40,20,80,10,160,120,570
242344603435650,277609239928711,1,29,10,10,10,940,10,10,10
13334536084098,13726454374287,1,30,10,10,10,10,10,940,10
180669143679622,277609240315791,1,30,10,10,930,20,10,10,10
4538495238661,14263383478159,1,30,10,90,760,50,10,70,10
391918290189,14276210188175,1,31,650,10,10,20,10,220,80
96940096636169,277609240840079,1,31,60,30,10,870,10,10,10
13884291897986,14276210188191,1,32,10,10,10,10,10,10,940
180669144203910,277609245034383,1,32,10,10,10,940,10,10,10
391918290205,31868396232607,1,33,900,10,10,20,10,30,20
